{"lr": 0.0011937684892050597, "data_time": 0.6072255969047546, "grad_norm": 10.403030633926392, "loss": 3.029272496700287, "loss_cls": 1.0580949932336807, "loss_bbox": 1.8686120510101318, "loss_dir": 0.10256556421518326, "time": 0.9810167551040649, "epoch": 1, "iter": 4, "memory": 3827, "step": 4}
{"lr": 0.0020214529598676836, "data_time": 0.3114699125289917, "grad_norm": 8.069412469863892, "loss": 2.596258521080017, "loss_cls": 1.0467648580670357, "loss_bbox": 1.4669967889785767, "loss_dir": 0.08249692479148507, "time": 0.6536455154418945, "epoch": 2, "iter": 8, "memory": 3845, "step": 8}
