{"lr": 1.024035333367499e-07, "data_time": 0.247030930519104, "grad_norm": 1.1421906000375748, "loss": 0.4702802228927612, "loss_cls": 0.2611860173940659, "loss_bbox": 0.20909419789910316, "loss_dir": 8.975644202324772e-09, "time": 0.586832938194275, "epoch": 121, "iter": 10730, "memory": 4758, "step": 10730}
