{"lr": 0.001325413220526355, "data_time": 0.063064238963983, "grad_norm": 6.685179374156854, "loss": 2.2675406474333544, "loss_cls": 0.9225518153263972, "loss_bbox": 1.3116597181711442, "loss_dir": 0.03332911139855591, "time": 0.4144531029921312, "epoch": 1, "iter": 39, "memory": 4027, "step": 39}
{"lr": 0.0022861413123298965, "data_time": 0.004397220611572265, "grad_norm": 5.126053137779236, "loss": 1.8469483304023742, "loss_cls": 0.8095443689823151, "loss_bbox": 1.0346018397808074, "loss_dir": 0.002802122338907793, "time": 0.3389395618438721, "epoch": 2, "iter": 78, "memory": 4019, "step": 78}
