{"lr": 0.0011937684892050597, "data_time": 0.6505608558654785, "grad_norm": 10.611577153205872, "loss": 3.1911458373069763, "loss_cls": 1.069354236125946, "loss_bbox": 2.0118795931339264, "loss_dir": 0.10991213656961918, "time": 1.0600114464759827, "epoch": 1, "iter": 4, "memory": 3854, "step": 4}
{"lr": 0.0020214529598676836, "data_time": 0.33645713329315186, "grad_norm": 9.161522388458252, "loss": 2.881389230489731, "loss_cls": 1.0279767587780952, "loss_bbox": 1.7707713842391968, "loss_dir": 0.08264115871861577, "time": 0.689182698726654, "epoch": 2, "iter": 8, "memory": 3857, "step": 8}
