{"lr": 0.0011937684892050597, "data_time": 0.7678022384643555, "grad_norm": 10.6550874710083, "loss": 3.0080527663230896, "loss_cls": 1.084426999092102, "loss_bbox": 1.8060312867164612, "loss_dir": 0.11759454011917114, "time": 1.1302237510681152, "epoch": 1, "iter": 4, "memory": 3944, "step": 4}
{"lr": 0.0020214529598676836, "data_time": 0.392114520072937, "grad_norm": 8.95292991399765, "loss": 2.6720327138900757, "loss_cls": 1.0515689328312874, "loss_bbox": 1.5309328138828278, "loss_dir": 0.08953099651262164, "time": 0.7174734473228455, "epoch": 2, "iter": 8, "memory": 3825, "step": 8}
