{"lr": 0.001005146091484126, "data_time": 0.15691511447613055, "grad_norm": 15.039473680349497, "loss": 2.6798761899654684, "loss_cls": 0.9466261038413415, "loss_bbox": 1.7088307295090113, "loss_dir": 0.024419357164356954, "time": 0.35945956523601824, "epoch": 1, "iter": 39, "memory": 2494, "step": 39}
