{"lr": 0.0022545889869528303, "data_time": 0.06580118032602164, "grad_norm": 6.613546188061054, "loss": 2.269002611820514, "loss_cls": 0.9122688342363406, "loss_bbox": 1.3291481886154566, "loss_dir": 0.02758558293303045, "time": 0.40825981971545094, "epoch": 1, "iter": 39, "memory": 3952, "step": 39}
{"lr": 0.005409383260305515, "data_time": 0.0040988636016845706, "grad_norm": 4.728642454147339, "loss": 1.885716347694397, "loss_cls": 0.8311633849143982, "loss_bbox": 1.0524797928333283, "loss_dir": 0.0020731808082200586, "time": 0.33850444316864015, "epoch": 2, "iter": 78, "memory": 3996, "step": 78}
{"lr": 0.008617259590793198, "data_time": 0.004357442855834961, "grad_norm": 3.802122378349304, "loss": 1.8175282669067383, "loss_cls": 0.7964367055892945, "loss_bbox": 1.0197906291484833, "loss_dir": 0.0013009310967754572, "time": 0.33818586349487306, "epoch": 3, "iter": 117, "memory": 4054, "step": 117}
{"lr": 0.009999087530431825, "data_time": 0.004154415130615235, "grad_norm": 2.5082753801345827, "loss": 1.7375604581832886, "loss_cls": 0.7864859759807586, "loss_bbox": 0.9483411490917206, "loss_dir": 0.0027333293756237253, "time": 0.33902716159820556, "epoch": 4, "iter": 156, "memory": 3958, "step": 156}
{"lr": 0.009362451788768125, "data_time": 0.004199442863464356, "grad_norm": 2.006695272922516, "loss": 1.684591419696808, "loss_cls": 0.7888181066513061, "loss_bbox": 0.8937614703178406, "loss_dir": 0.002011853422736749, "time": 0.33865941524505616, "epoch": 5, "iter": 195, "memory": 3982, "step": 195}
{"lr": 0.007557242328095386, "data_time": 0.004120850563049316, "grad_norm": 20.824131079912185, "loss": 1.6274587845802306, "loss_cls": 0.7992347776889801, "loss_bbox": 0.8255923646688461, "loss_dir": 0.002631646762602031, "time": 0.3385517406463623, "epoch": 6, "iter": 234, "memory": 3947, "step": 234}
{"lr": 0.005066713000476477, "data_time": 0.0043074703216552735, "grad_norm": 20.573877111673355, "loss": 1.52183096408844, "loss_cls": 0.7849085867404938, "loss_bbox": 0.735154345035553, "loss_dir": 0.001768039535963908, "time": 0.33837022304534914, "epoch": 7, "iter": 273, "memory": 3955, "step": 273}
{"lr": 0.002558199127972906, "data_time": 0.004574770927429199, "grad_norm": 1.8930467021465303, "loss": 1.485821738243103, "loss_cls": 0.7664194107055664, "loss_bbox": 0.7182675099372864, "loss_dir": 0.0011348254146287219, "time": 0.340459418296814, "epoch": 8, "iter": 312, "memory": 4005, "step": 312}
{"lr": 0.0007038549769242713, "data_time": 0.00423715591430664, "grad_norm": 1.7300809741020202, "loss": 1.4521842145919799, "loss_cls": 0.7599416220188141, "loss_bbox": 0.6910767674446106, "loss_dir": 0.0011658260185504331, "time": 0.340435357093811, "epoch": 9, "iter": 351, "memory": 4054, "step": 351}
