{"lr": 0.007010670302049719, "data_time": 0.06358551979064941, "grad_norm": 7.093947924100435, "loss": 2.275204007442181, "loss_cls": 0.8942950856991303, "loss_bbox": 1.3557740373489184, "loss_dir": 0.025134877345035188, "time": 0.40840667944688064, "epoch": 1, "iter": 39, "memory": 3983, "step": 39}
{"lr": 0.009369117542444629, "data_time": 0.004249272346496582, "grad_norm": 4.177719795703888, "loss": 1.8881902289390564, "loss_cls": 0.8167976069450379, "loss_bbox": 1.0695557594299316, "loss_dir": 0.0018368711700895801, "time": 0.3375654172897339, "epoch": 2, "iter": 78, "memory": 4007, "step": 78}
{"lr": 0.003799233890010394, "data_time": 0.004038257598876953, "grad_norm": 2.062586045265198, "loss": 1.7567619729042052, "loss_cls": 0.8033445477485657, "loss_bbox": 0.9488602900505065, "loss_dir": 0.0045571331586688755, "time": 0.33861995220184327, "epoch": 3, "iter": 117, "memory": 4024, "step": 117}
{"lr": 1.112712105930498e-06, "data_time": 0.00431490421295166, "grad_norm": 1.7523875522613526, "loss": 1.6156135272979737, "loss_cls": 0.7860844624042511, "loss_bbox": 0.826731207370758, "loss_dir": 0.0027978632366284727, "time": 0.33973457336425783, "epoch": 4, "iter": 156, "memory": 4024, "step": 156}
{"Kitti metric/porcoddio": 10.0, "Kitti metric/e la madonna": 0.5, "Kitti metric/quella puttana": 0.0, "Kitti metric/maledetta": 1.8, "data_time": 0.002782177925109863, "time": 0.050110471248626706, "step": 4}
