{"lr": 0.001005146091484126, "data_time": 0.16500418002788836, "grad_norm": 15.193379218761738, "loss": 2.5539901715058546, "loss_cls": 0.9243694788370377, "loss_bbox": 1.6044392371789002, "loss_dir": 0.02518143781866783, "time": 0.3692486836360051, "epoch": 1, "iter": 39, "memory": 2452, "step": 39}
{"Minerva/AP40(3d metric)": 0.0, "data_time": 0.044252475102742515, "time": 0.09079755345980327, "step": 1}
{"lr": 0.0010211171152823325, "data_time": 0.0030358552932739256, "grad_norm": 10.775318403244018, "loss": 1.9251233434677124, "loss_cls": 0.7518071246147155, "loss_bbox": 1.1699613869190215, "loss_dir": 0.0033548306056763975, "time": 0.1996314525604248, "epoch": 2, "iter": 78, "memory": 2430, "step": 78}
{"Minerva/AP40(3d metric)": 0.0, "data_time": 0.043162174224853515, "time": 0.08898159980773926, "step": 2}
{"lr": 0.0010478781602536284, "data_time": 0.0031134462356567382, "grad_norm": 11.375260486602784, "loss": 1.6659382891654968, "loss_cls": 0.6224627631902695, "loss_bbox": 1.0427939784526825, "loss_dir": 0.0006815397727768869, "time": 0.200197491645813, "epoch": 3, "iter": 117, "memory": 2458, "step": 117}
