{"lr": 0.001325413220526355, "data_time": 0.06714012072636531, "grad_norm": 6.141285113799266, "loss": 2.2689584768735447, "loss_cls": 0.9260319012861985, "loss_bbox": 1.311998419272594, "loss_dir": 0.030928158625148427, "time": 0.40779281885196, "epoch": 1, "iter": 39, "memory": 3946, "step": 39}
{"lr": 0.0022861413123298965, "data_time": 0.004316153526306152, "grad_norm": 10.564381384849549, "loss": 1.7926190185546875, "loss_cls": 0.8152568292617798, "loss_bbox": 0.9749961531162262, "loss_dir": 0.00236604304460343, "time": 0.3379170703887939, "epoch": 2, "iter": 78, "memory": 3959, "step": 78}
