{"lr": 0.0010009652670792107, "data_time": 0.054627914428710934, "grad_norm": 6.903307504653931, "loss": 2.456948254108429, "loss_cls": 0.8303607869148254, "loss_bbox": 1.487860414981842, "loss_dir": 0.1387270748615265, "time": 0.4024870252609253, "epoch": 1, "iter": 50, "memory": 4104, "step": 50}
{"lr": 0.0010039398334978564, "data_time": 0.0032725811004638674, "grad_norm": 5.496231775283814, "loss": 1.8411586785316467, "loss_cls": 0.5607752287387848, "loss_bbox": 1.1478684079647063, "loss_dir": 0.13251504808664322, "time": 0.33834301948547363, "epoch": 1, "iter": 100, "memory": 4078, "step": 100}
{"lr": 0.0010089227725701214, "data_time": 0.0032919740676879885, "grad_norm": 5.3139670467376705, "loss": 1.5790094089508058, "loss_cls": 0.4728050071001053, "loss_bbox": 0.9819084906578064, "loss_dir": 0.1242959214746952, "time": 0.33790456295013427, "epoch": 1, "iter": 150, "memory": 4104, "step": 150}
{"lr": 0.0010159118584364222, "data_time": 0.0033867025375366212, "grad_norm": 6.133459916114807, "loss": 1.427145004272461, "loss_cls": 0.4261237984895706, "loss_bbox": 0.8833704245090485, "loss_dir": 0.11765076532959938, "time": 0.3403882265090942, "epoch": 1, "iter": 200, "memory": 4104, "step": 200}
{"lr": 0.001024903969099187, "data_time": 0.0031513261795043947, "grad_norm": 5.434030685424805, "loss": 1.3348156142234802, "loss_cls": 0.3874431747198105, "loss_bbox": 0.8358536875247955, "loss_dir": 0.11151875346899033, "time": 0.34072620391845704, "epoch": 1, "iter": 250, "memory": 4085, "step": 250}
{"lr": 0.0010358950878174358, "data_time": 0.0031981468200683594, "grad_norm": 5.270408053398132, "loss": 1.2565633797645568, "loss_cls": 0.3635106766223907, "loss_bbox": 0.7858815598487854, "loss_dir": 0.10717115059494972, "time": 0.34029149055480956, "epoch": 1, "iter": 300, "memory": 4050, "step": 300}
{"lr": 0.001048880304901011, "data_time": 0.003218498229980469, "grad_norm": 5.373675937652588, "loss": 1.1920883750915527, "loss_cls": 0.3323006719350815, "loss_bbox": 0.7535500240325927, "loss_dir": 0.10623769342899322, "time": 0.34297218799591067, "epoch": 1, "iter": 350, "memory": 4104, "step": 350}
{"lr": 0.0010638538199037838, "data_time": 0.003155217170715332, "grad_norm": 5.160084471702576, "loss": 1.1606572151184082, "loss_cls": 0.3216132992506027, "loss_bbox": 0.7368197762966155, "loss_dir": 0.10222414880990982, "time": 0.3387425661087036, "epoch": 1, "iter": 400, "memory": 4094, "step": 400}
{"lr": 0.0010808089442146205, "data_time": 0.00355743408203125, "grad_norm": 5.3506719017028805, "loss": 1.1158750975131988, "loss_cls": 0.29649856269359587, "loss_bbox": 0.7216400492191315, "loss_dir": 0.09773648902773857, "time": 0.588440523147583, "epoch": 1, "iter": 450, "memory": 4104, "step": 450}
{"lr": 0.0010997381040451885, "data_time": 0.0034873390197753904, "grad_norm": 4.681293549537659, "loss": 1.0779036152362824, "loss_cls": 0.2872476989030838, "loss_bbox": 0.692300900220871, "loss_dir": 0.09835501655936241, "time": 0.6522254991531372, "epoch": 1, "iter": 500, "memory": 4101, "step": 500}
{"lr": 0.001120632843813132, "data_time": 0.0033101701736450197, "grad_norm": 4.4881988143920895, "loss": 1.076480063199997, "loss_cls": 0.29154390066862107, "loss_bbox": 0.6863665497303009, "loss_dir": 0.09856960386037826, "time": 0.6401823806762695, "epoch": 1, "iter": 550, "memory": 4037, "step": 550}
{"lr": 0.0011434838299191896, "data_time": 0.003353314399719238, "grad_norm": 4.734657459259033, "loss": 1.061017951965332, "loss_cls": 0.2815419843792915, "loss_bbox": 0.6860261309146881, "loss_dir": 0.09344983160495758, "time": 0.6364411211013794, "epoch": 1, "iter": 600, "memory": 4024, "step": 600}
{"lr": 0.0011682808549164127, "data_time": 0.003455986976623535, "grad_norm": 4.250934653282165, "loss": 1.035447450876236, "loss_cls": 0.2701245939731598, "loss_bbox": 0.6703176605701446, "loss_dir": 0.09500519618391991, "time": 0.3738785171508789, "epoch": 1, "iter": 650, "memory": 4064, "step": 650}
{"lr": 0.001195012842069819, "data_time": 0.003288235664367676, "grad_norm": 4.5341717004776, "loss": 1.0317406415939332, "loss_cls": 0.26775419265031813, "loss_bbox": 0.6695560801029206, "loss_dir": 0.09443037033081055, "time": 0.3378792428970337, "epoch": 1, "iter": 700, "memory": 4104, "step": 700}
{"lr": 0.0012236678503043403, "data_time": 0.003255500793457031, "grad_norm": 3.910638108253479, "loss": 1.0174573576450348, "loss_cls": 0.2580567556619644, "loss_bbox": 0.6668022167682648, "loss_dir": 0.09259838730096817, "time": 0.33727747440338135, "epoch": 1, "iter": 750, "memory": 4074, "step": 750}
{"lr": 0.0012542330795388308, "data_time": 0.0033585309982299806, "grad_norm": 4.191587290763855, "loss": 0.9863795399665832, "loss_cls": 0.25387625008821485, "loss_bbox": 0.6435798621177673, "loss_dir": 0.08892342716455459, "time": 0.3383894634246826, "epoch": 1, "iter": 800, "memory": 4078, "step": 800}
{"lr": 0.0012866948764038554, "data_time": 0.003270301818847656, "grad_norm": 3.958119044303894, "loss": 0.9609933710098266, "loss_cls": 0.24609707772731781, "loss_bbox": 0.6271161848306656, "loss_dir": 0.08778011471033097, "time": 0.33891442298889163, "epoch": 1, "iter": 850, "memory": 4048, "step": 850}
{"lr": 0.001321038740340532, "data_time": 0.003323659896850586, "grad_norm": 3.6956087017059325, "loss": 0.9639914417266846, "loss_cls": 0.24833052575588227, "loss_bbox": 0.6284710788726806, "loss_dir": 0.08718983858823776, "time": 0.3402946615219116, "epoch": 1, "iter": 900, "memory": 4093, "step": 900}
{"lr": 0.0013791004663349891, "data_time": 0.006182470321655273, "grad_norm": 3.61558735370636, "loss": 0.9273034346103668, "loss_cls": 0.22971143811941147, "loss_bbox": 0.611738532781601, "loss_dir": 0.0858534675836563, "time": 0.34176459789276126, "epoch": 2, "iter": 979, "memory": 4061, "step": 979}
{"lr": 0.0014182271886407048, "data_time": 0.0033321905136108397, "grad_norm": 3.705830512046814, "loss": 0.9275175356864929, "loss_cls": 0.234541611969471, "loss_bbox": 0.6108105051517486, "loss_dir": 0.0821654187142849, "time": 0.33940842628479007, "epoch": 2, "iter": 1029, "memory": 4074, "step": 1029}
{"lr": 0.0014591772230439053, "data_time": 0.0035280466079711916, "grad_norm": 3.603430709838867, "loss": 0.9119886863231659, "loss_cls": 0.22970004618167877, "loss_bbox": 0.5988509005308151, "loss_dir": 0.08343773871660233, "time": 0.3401364421844482, "epoch": 2, "iter": 1079, "memory": 4104, "step": 1079}
{"lr": 0.0015019322773229017, "data_time": 0.0034531164169311524, "grad_norm": 3.318633975982666, "loss": 0.8979203283786774, "loss_cls": 0.22629115164279937, "loss_bbox": 0.5899752247333526, "loss_dir": 0.08165394842624664, "time": 0.33821590900421145, "epoch": 2, "iter": 1129, "memory": 4040, "step": 1129}
{"lr": 0.0015464732529606381, "data_time": 0.003422536849975586, "grad_norm": 3.584979257583618, "loss": 0.9205574226379395, "loss_cls": 0.23070026695728302, "loss_bbox": 0.6100274527072906, "loss_dir": 0.07982970051467418, "time": 0.3402858543395996, "epoch": 2, "iter": 1179, "memory": 4086, "step": 1179}
{"lr": 0.0015927802536758948, "data_time": 0.003381161689758301, "grad_norm": 3.2598129677772523, "loss": 0.893282151222229, "loss_cls": 0.2254070273041725, "loss_bbox": 0.5880408936738968, "loss_dir": 0.07983423583209515, "time": 0.3383101224899292, "epoch": 2, "iter": 1229, "memory": 4032, "step": 1229}
{"lr": 0.0016408325943108957, "data_time": 0.003345437049865723, "grad_norm": 3.352310609817505, "loss": 0.9037004482746124, "loss_cls": 0.21960292220115663, "loss_bbox": 0.60392808675766, "loss_dir": 0.08016943827271461, "time": 0.34211602687835696, "epoch": 2, "iter": 1279, "memory": 4097, "step": 1279}
{"lr": 0.0016906088100712858, "data_time": 0.0033792495727539063, "grad_norm": 3.1849166488647462, "loss": 0.9189898073673248, "loss_cls": 0.23578066527843475, "loss_bbox": 0.5999920761585236, "loss_dir": 0.08321706235408782, "time": 0.3363052988052368, "epoch": 2, "iter": 1329, "memory": 4023, "step": 1329}
{"lr": 0.0017420866661143775,