{"lr": 1.024035333367499e-07, "data_time": 0.15836223602294922, "grad_norm": 1.1813322472572327, "loss": 0.46782865941524504, "loss_cls": 0.2645274093747139, "loss_bbox": 0.20330124124884605, "loss_dir": 1.2633957126029215e-08, "time": 0.49822569370269776, "epoch": 121, "iter": 10730, "memory": 4801, "step": 10730}
{"Minerva/AP40(3d metric)": 0.9749999999999994, "Minerva/AP40 (3d metric)": 0.1852272727272727, "Minerva/Loss_cls": 0.28377480464322224, "Minerva/Loss_bbox": 0.22888544616954667, "Minerva/Loss_dir": 4.000283517134408e-10, "Minerva/Loss_general": 0.17088675040426574, "data_time": 0.0023735231823391384, "time": 0.21905143393410575, "step": 121}
{"lr": 1.024035333367499e-07, "data_time": 0.003379349708557129, "grad_norm": 1.0741196703910827, "loss": 0.4611059617996216, "loss_cls": 0.2580614736676216, "loss_bbox": 0.20304447203874587, "loss_dir": 1.4737583375196151e-08, "time": 0.33832501888275146, "epoch": 122, "iter": 10819, "memory": 4790, "step": 10819}
{"Minerva/AP40(3d metric)": 0.9749999999999994, "Minerva/AP40 (3d metric)": 0.17897727272727268, "Minerva/Loss_cls": 0.28377480464322224, "Minerva/Loss_bbox": 0.22888544616954667, "Minerva/Loss_dir": 4.000283517134408e-10, "Minerva/Loss_general": 0.17088675040426574, "data_time": 0.0012941426701015895, "time": 0.22340473201539782, "step": 122}
