{"lr": 0.0011937684892050597, "data_time": 0.6081045269966125, "grad_norm": 11.49482786655426, "loss": 3.206096112728119, "loss_cls": 1.0926451683044434, "loss_bbox": 2.0017461478710175, "loss_dir": 0.11170478165149689, "time": 0.9769560694694519, "epoch": 1, "iter": 4, "memory": 3821, "step": 4}
{"lr": 0.0020214529598676836, "data_time": 0.312298446893692, "grad_norm": 8.645290493965149, "loss": 2.698406755924225, "loss_cls": 1.0528408139944077, "loss_bbox": 1.558828592300415, "loss_dir": 0.0867373151704669, "time": 0.6519030034542084, "epoch": 2, "iter": 8, "memory": 3876, "step": 8}
