{"lr": 0.0010116811055174008, "data_time": 0.17910508632659913, "grad_norm": 13.414603481292724, "loss": 2.888857889175415, "loss_cls": 0.9342456316947937, "loss_bbox": 1.9321121668815613, "loss_dir": 0.022500110724940896, "time": 0.5232613945007324, "epoch": 1, "iter": 50, "memory": 4741, "step": 50}
