{"lr": 0.0010116811055174008, "data_time": 0.17528625965118408, "grad_norm": 14.567116260528564, "loss": 3.055518960952759, "loss_cls": 0.9429103398323059, "loss_bbox": 2.0912916016578675, "loss_dir": 0.02131700743921101, "time": 0.5149303913116455, "epoch": 1, "iter": 50, "memory": 4783, "step": 50}
