{"lr": 1.024035333367499e-07, "data_time": 0.22735077857971192, "grad_norm": 1.1489608639478683, "loss": 0.4856162315607071, "loss_cls": 0.2626269534230232, "loss_bbox": 0.2182822507619858, "loss_dir": 0.004707029410296159, "time": 0.566707706451416, "epoch": 121, "iter": 10730, "memory": 4791, "step": 10730}
