{"lr": 0.0010116811055174008, "data_time": 0.19428923606872558, "grad_norm": 12.472518215179443, "loss": 2.8881847858428955, "loss_cls": 0.9903025019168854, "loss_bbox": 1.8705670380592345, "loss_dir": 0.027315265955403446, "time": 0.5390010976791382, "epoch": 1, "iter": 50, "memory": 4786, "step": 50}
{"Minerva/AP40 (3d metric)": 0.0, "Minerva/Loss_cls": 0.28377480464322224, "Minerva/Loss_bbox": 0.22888544616954667, "Minerva/Loss_dir": 4.000283517134408e-10, "Minerva/Loss_general": 0.5126602512127972, "data_time": 0.0025758266448974608, "time": 0.22201477459498814, "step": 1}
{"lr": 0.0010923733072916945, "data_time": 0.0031406784057617185, "grad_norm": 8.903445701599122, "loss": 2.120934965610504, "loss_cls": 0.7960400521755219, "loss_bbox": 1.3231473386287689, "loss_dir": 0.0017475930077489466, "time": 0.33804710865020754, "epoch": 2, "iter": 139, "memory": 4793, "step": 139}
