{"lr": 0.0011937684892050597, "data_time": 0.6015072464942932, "grad_norm": 9.298098802566528, "loss": 2.9857162833213806, "loss_cls": 1.1005657017230988, "loss_bbox": 1.7676495015621185, "loss_dir": 0.1175010371953249, "time": 0.9755195379257202, "epoch": 1, "iter": 4, "memory": 3885, "step": 4}
{"lr": 0.0020214529598676836, "data_time": 0.309291809797287, "grad_norm": 7.444692671298981, "loss": 2.5506891161203384, "loss_cls": 1.0601039975881577, "loss_bbox": 1.3994219228625298, "loss_dir": 0.09116314211860299, "time": 0.6511710286140442, "epoch": 2, "iter": 8, "memory": 3901, "step": 8}
