{"lr": 0.0010116811055174008, "data_time": 0.14473120212554932, "grad_norm": 15.015980939865113, "loss": 2.8628059077262877, "loss_cls": 0.9278704917430878, "loss_bbox": 1.9191332530975342, "loss_dir": 0.015802194834686815, "time": 0.4834160041809082, "epoch": 1, "iter": 50, "memory": 4765, "step": 50}
{"lr": 0.0010923733072916945, "data_time": 0.0030161523818969726, "grad_norm": 12.249762258529664, "loss": 2.1832735037803648, "loss_cls": 0.7658298873901367, "loss_bbox": 1.4168882811069488, "loss_dir": 0.0005553172569489107, "time": 0.338950514793396, "epoch": 2, "iter": 139, "memory": 4794, "step": 139}
{"lr": 0.0012484812238032095, "data_time": 0.003151359558105469, "grad_norm": 10.23276891708374, "loss": 1.9094479203224182, "loss_cls": 0.7320004940032959, "loss_bbox": 1.1768888854980468, "loss_dir": 0.0005585272557800635, "time": 0.33944441795349123, "epoch": 3, "iter": 228, "memory": 4797, "step": 228}
{"lr": 0.001477333805319149, "data_time": 0.002855944633483887, "grad_norm": 10.264062671661376, "loss": 1.8828174328804017, "loss_cls": 0.6984899616241456, "loss_bbox": 1.1839628410339356, "loss_dir": 0.00036463861441006886, "time": 0.3388533210754395, "epoch": 4, "iter": 317, "memory": 4782, "step": 317}
{"lr": 0.0017750153207198548, "data_time": 0.0029262685775756836, "grad_norm": 10.089343366622925, "loss": 1.6561767983436584, "loss_cls": 0.6165599834918976, "loss_bbox": 1.0394378662109376, "loss_dir": 0.00017894533375510945, "time": 0.3382072305679321, "epoch": 5, "iter": 406, "memory": 4753, "step": 406}
{"Minerva/AP40 (3d metric)": 0.0, "Minerva/Loss_cls": 4.1056538615907945, "Minerva/Loss_bbox": 2.17730587209974, "Minerva/Loss_dir": 2.2894876298908326e-05, "Minerva/Loss_general": 6.282982628566833, "data_time": 0.002260453360421317, "time": 0.22524031230381558, "step": 5}
{"lr": 0.002136432356743897, "data_time": 0.002959308624267578, "grad_norm": 9.346878881454467, "loss": 1.5492691421508789, "loss_cls": 0.5749273091554642, "loss_bbox": 0.9742136001586914, "loss_dir": 0.0001282328987144865, "time": 0.3397675895690918, "epoch": 6, "iter": 495, "memory": 4806, "step": 495}
{"lr": 0.002555400967701191, "data_time": 0.0030028295516967775, "grad_norm": 8.661679515838623, "loss": 1.5739257001876832, "loss_cls": 0.5723438328504562, "loss_bbox": 1.0014617335796356, "loss_dir": 0.00012013556188321673, "time": 0.33810890197753907, "epoch": 7, "iter": 584, "memory": 4796, "step": 584}
{"lr": 0.0030247524844982023, "data_time": 0.0028873825073242186, "grad_norm": 7.584017505645752, "loss": 1.4540035271644591, "loss_cls": 0.558590693473816, "loss_bbox": 0.8953571999073029, "loss_dir": 5.562237805861514e-05, "time": 0.33968802452087404, "epoch": 8, "iter": 673, "memory": 4793, "step": 673}
{"lr": 0.0035364561725537104, "data_time": 0.0028686237335205076, "grad_norm": 6.340969762802124, "loss": 1.4612751936912536, "loss_cls": 0.5538594716787338, "loss_bbox": 0.9073658955097198, "loss_dir": 4.982739008482895e-05, "time": 0.33831871509552003, "epoch": 9, "iter": 762, "memory": 4836, "step": 762}
{"lr": 0.00408175663989403, "data_time": 0.0030268383026123046, "grad_norm": 5.774782576560974, "loss": 1.3658142733573913, "loss_cls": 0.5305732572078705, "loss_bbox": 0.8352079868316651, "loss_dir": 3.303669693195843e-05, "time": 0.3384637451171875, "epoch": 10, "iter": 851, "memory": 4820, "step": 851}
{"Minerva/AP40 (3d metric)": 0.0, "Minerva/Loss_cls": 12.403006710324968, "Minerva/Loss_bbox": 2.9302073887416293, "Minerva/Loss_dir": 3.453934796619405e-05, "Minerva/Loss_general": 15.333248638414565, "data_time": 0.0011347267362806532, "time": 0.22269599305258858, "step": 10}
{"lr": 0.0046513236443371025, "data_time": 0.0029097461700439455, "grad_norm": 5.85805983543396, "loss": 1.2580050730705261, "loss_cls": 0.5140905231237411, "loss_bbox": 0.7438945716619492, "loss_dir": 1.9977295578428312e-05, "time": 0.33827971935272216, "epoch": 11, "iter": 940, "memory": 4780, "step": 940}
{"lr": 0.005235411736523109, "data_time": 0.0028019189834594727, "grad_norm": 4.66226812839508, "loss": 1.2959787786006927, "loss_cls": 0.5014480358362198, "loss_bbox": 0.7945102536678315, "loss_dir": 2.048773842943774e-05, "time": 0.3406611728668213, "epoch": 12, "iter": 1029, "memory": 4790, "step": 1029}
{"lr": 0.005824027007254932, "data_time": 0.0028788185119628905, "grad_norm": 4.511926374435425, "loss": 1.3019144892692567, "loss_cls": 0.5071702671051025, "loss_bbox": 0.794732813835144, "loss_dir": 1.1420760365581373e-05, "time": 0.3391925382614136, "epoch": 13, "iter": 1118, "memory": 4843, "step": 1118}
{"lr": 0.006407098086055365, "data_time": 0.00286801815032959, "grad_norm": 3.931759967803955, "loss": 1.184900336265564, "loss_cls": 0.4823801964521408, "loss_bbox": 0.6993645626306534, "loss_dir": 0.003155586865253781, "time": 0.33755321979522707, "epoch": 14, "iter": 1207, "memory": 4839, "step": 1207}
{"lr": 0.006974648465108282, "data_time": 0.003115801811218262, "grad_norm": 3.7898778200149534, "loss": 1.2038785052299499, "loss_cls": 0.4658870142698288, "loss_bbox": 0.7379753577709198, "loss_dir": 1.61363252755109e-05, "time": 0.3399641466140747, "epoch": 15, "iter": 1296, "memory": 4770, "step": 1296}
{"Minerva/AP40 (3d metric)": 0.0, "Minerva/Loss_cls": 3.4324419225965226, "Minerva/Loss_bbox": 1.7798711248806545, "Minerva/Loss_dir": 2.980898187208782e-07, "Minerva/Loss_general": 5.212313345566995, "data_time": 0.0010948379834493, "time": 0.22199643320507473, "step": 15}
{"lr": 0.007516967200073405, "data_time": 0.002964458465576172, "grad_norm": 3.5166512155532836, "loss": 1.1943744111061096, "loss_cls": 0.4614906132221222, "loss_bbox": 0.7328461927175521, "loss_dir": 3.760029127647613e-05, "time": 0.33886969566345215, "epoch": 16, "iter": 1385, "memory": 4793, "step": 1385}
{"lr": 0.008024775067036312, "data_time": 0.0030604839324951173, "grad_norm": 2.8649031496047974, "loss": 1.1801159155368806, "loss_cls": 0.4612759310007095, "loss_bbox": 0.7187952953577041, "loss_dir": 4.46900603924405e-05, "time": 0.3382326602935791, "epoch": 17, "iter": 1474, "memory": 4794, "step": 1474}
{"lr": 0.00848938333260233, "data_time": 0.0028302764892578127, "grad_norm": 2.81961975812912, "loss": 1.1123657429218292, "loss_cls": 0.46608503818511965, "loss_bbox": 0.646227867603302, "loss_dir": 5.283089432055021e-05, "time": 0.33759202003479005, "epoch": 18, "iter": 1563, "memory": 4781, "step": 1563}
{"lr": 0.008902842420533888, "data_time": 0.002994112968444824, "grad_norm": 3.036687068939209, "loss": 1.2260536396503448, "loss_cls": 0.4671322613954544, "loss_bbox": 0.758877524137497, "loss_dir": 4.38607620270659e-05, "time": 0.33911665916442874, "epoch": 19, "iter": 1652, "memory": 4779, "step": 1652}
{"lr": 0.009258077931203956, "data_time": 0.0027657175064086915, "grad_norm": 2.4836399710178374, "loss": 1.0829368615150452, "loss_cls": 0.442268443107605, "loss_bbox": 0.6406494718790054, "loss_dir": 1.895508729333528e-05, "time": 0.337196364402771, "epoch": 20, "iter": 1741, "memory": 4751, "step": 1741}
{"Minerva/AP40 (3d metric)": 0.0, "Minerva/Loss_cls": 5.013157411984035, "Minerva/Loss_bbox": 2.727971659387861, "Minerva/Loss_dir": 2.472083615107883e-06, "Minerva/Loss_general": 7.741131543455511, "data_time": 0.0008669363127814399, "time": 0.22165863381491768, "step": 20}
{"lr": 0.009549011686535068, "data_time": 0.0029314708709716796, "grad_norm": 2.454461455345154, "loss": 1.0326141977310181, "loss_cls": 0.4221725797653198, "loss_bbox": 0.6104184538125992, "loss_dir": 2.3169211883242723e-05, "time": 0.3387825727462769, "epoch": 21, "iter": 1830, "memory": 4781, "step": 1830}
{"lr": 0.009770665729311448, "data_time": 0.0029302406311035156, "grad_norm": 2.402744405269623, "loss": 1.0913131725788117, "loss_cls": 0.4292231893539429, "loss_bbox": 0.6620662641525269, "loss_dir": 2.3719691067753957e-05, "time": 0.3385561323165894, "epoch": 22, "iter": 1919, "memory": 4787, "step": 1919}
{"lr": 0.009919247497407075, "data_time": 0.0028816175460815428, "grad_norm": 1.9486849546432494,