{"lr": 0.0010116811055174008, "data_time": 0.1754314422607422, "grad_norm": 13.470698509216309, "loss": 2.8692198276519774, "loss_cls": 0.9482172536849975, "loss_bbox": 1.8996353268623352, "loss_dir": 0.02136726861819625, "time": 0.5217621421813965, "epoch": 1, "iter": 50, "memory": 4739, "step": 50}
