{"lr": 0.0011937684892050597, "data_time": 0.6105006337165833, "grad_norm": 10.34542691707611, "loss": 2.9741809964179993, "loss_cls": 1.0976393520832062, "loss_bbox": 1.7575337886810303, "loss_dir": 0.11900787055492401, "time": 0.9879476428031921, "epoch": 1, "iter": 4, "memory": 3872, "step": 4}
{"lr": 0.0020214529598676836, "data_time": 0.3132665753364563, "grad_norm": 9.516339242458344, "loss": 2.787164092063904, "loss_cls": 1.0589328929781914, "loss_bbox": 1.6362238004803658, "loss_dir": 0.09200739860534668, "time": 0.6463567912578583, "epoch": 2, "iter": 8, "memory": 3873, "step": 8}
