{"lr": 0.0010116811055174008, "data_time": 0.18757120609283448, "grad_norm": 13.52903286933899, "loss": 2.8521999502182007, "loss_cls": 0.918935284614563, "loss_bbox": 1.914584331512451, "loss_dir": 0.01868031549965963, "time": 0.5272010231018066, "epoch": 1, "iter": 50, "memory": 4776, "step": 50}
