{"lr": 0.0010116811055174008, "data_time": 0.17008967876434325, "grad_norm": 13.588880786895752, "loss": 2.895491695404053, "loss_cls": 0.9342254936695099, "loss_bbox": 1.940337953567505, "loss_dir": 0.02092826416483149, "time": 0.508613510131836, "epoch": 1, "iter": 50, "memory": 4713, "step": 50}
