{"lr": 1.024035333367499e-07, "data_time": 0.2523739767074585, "grad_norm": 1.1820761334896088, "loss": 0.49194865703582763, "loss_cls": 0.27358112573623655, "loss_bbox": 0.218367517888546, "loss_dir": 1.672277673017697e-08, "time": 0.907746114730835, "epoch": 121, "iter": 10730, "memory": 4771, "step": 10730}
{"Minerva/AP40(3d metric)": 0.21484375, "data_time": 0.002502845393286811, "time": 0.35902591546376544, "step": 121}
{"lr": 1.024035333367499e-07, "data_time": 0.0033157920837402345, "grad_norm": 1.2478269803524018, "loss": 0.46097535848617555, "loss_cls": 0.2556299301981926, "loss_bbox": 0.20534542188048363, "loss_dir": 1.1293816988694472e-08, "time": 0.6739980936050415, "epoch": 122, "iter": 10819, "memory": 4789, "step": 10819}
