{"lr": 0.001005146091484126, "data_time": 0.15681901956215882, "grad_norm": 13.905526466858692, "loss": 2.6399685755754128, "loss_cls": 0.975315897892683, "loss_bbox": 1.6285196603872838, "loss_dir": 0.03613303920540672, "time": 0.3677055468926063, "epoch": 1, "iter": 39, "memory": 2449, "step": 39}
