{"lr": 1.024035333367499e-07, "data_time": 0.1479652500152588, "grad_norm": 1.2068409895896912, "loss": 0.4806766164302826, "loss_cls": 0.2631436625123024, "loss_bbox": 0.2175329428911209, "loss_dir": 1.240510693917285e-08, "time": 0.48545047760009763, "epoch": 121, "iter": 10730, "memory": 4812, "step": 10730}
