{"lr": 0.0010116811055174008, "data_time": 0.25306435585021975, "grad_norm": 12.424601125717164, "loss": 2.8467030334472656, "loss_cls": 0.9485001361370087, "loss_bbox": 1.875287742614746, "loss_dir": 0.022915146315936, "time": 0.5962863588333129, "epoch": 1, "iter": 50, "memory": 4738, "step": 50}
