{"lr": 0.0010116811055174008, "data_time": 0.16949294090270997, "grad_norm": 12.327522764205932, "loss": 2.981931972503662, "loss_cls": 0.9786668801307679, "loss_bbox": 1.9803783094882965, "loss_dir": 0.02288677201606333, "time": 0.5125893497467041, "epoch": 1, "iter": 50, "memory": 4826, "step": 50}
{"Minerva/AP40 (3d metric)": 0.0, "Minerva/Loss_cls": 0.28377480464322224, "Minerva/Loss_bbox": 0.22888544616954667, "Minerva/Loss_dir": 4.000283517134408e-10, "Minerva/Loss_general": 0.5126602512127972, "data_time": 0.0022997447422572546, "time": 0.2224858352116176, "step": 1}
{"lr": 0.0010923733072916945, "data_time": 0.002963600158691406, "grad_norm": 8.37605435371399, "loss": 2.2261895513534546, "loss_cls": 0.7911429846286774, "loss_bbox": 1.4339894318580628, "loss_dir": 0.0010571562670520507, "time": 0.33978110790252686, "epoch": 2, "iter": 139, "memory": 4828, "step": 139}
