{"lr": 0.0010116811055174008, "data_time": 0.1845884370803833, "grad_norm": 11.188615636825562, "loss": 2.843162326812744, "loss_cls": 1.033151217699051, "loss_bbox": 1.7834114265441894, "loss_dir": 0.02659969654865563, "time": 0.5306739568710327, "epoch": 1, "iter": 50, "memory": 4762, "step": 50}
