{"lr": 0.0010116811055174008, "data_time": 0.16890883445739746, "grad_norm": 15.462520141601562, "loss": 2.86662202835083, "loss_cls": 0.9109162616729737, "loss_bbox": 1.9360320663452149, "loss_dir": 0.01967370797181502, "time": 0.5074570512771607, "epoch": 1, "iter": 50, "memory": 4759, "step": 50}
