{"lr": 1.024035333367499e-07, "data_time": 0.1477018976211548, "grad_norm": 1.0879399728775025, "loss": 0.49594696760177615, "loss_cls": 0.2708167079091072, "loss_bbox": 0.22513025104999543, "loss_dir": 1.1941978055041159e-08, "time": 0.48780457496643065, "epoch": 121, "iter": 10730, "memory": 4770, "step": 10730}
