{"lr": 0.0011937684892050597, "data_time": 0.5987227559089661, "grad_norm": 10.860637187957764, "loss": 2.866145968437195, "loss_cls": 1.0793070793151855, "loss_bbox": 1.6729107201099396, "loss_dir": 0.11392831802368164, "time": 0.9624567627906799, "epoch": 1, "iter": 4, "memory": 3864, "step": 4}
{"lr": 0.0020214529598676836, "data_time": 0.30834606289863586, "grad_norm": 8.897123277187347, "loss": 2.640522688627243, "loss_cls": 1.0472971126437187, "loss_bbox": 1.5050507932901382, "loss_dir": 0.08817484183236957, "time": 0.6511971652507782, "epoch": 2, "iter": 8, "memory": 3941, "step": 8}
{"lr": 0.00337871468428301, "data_time": 0.21149474382400513, "grad_norm": 7.889556527137756, "loss": 2.496951679388682, "loss_cls": 1.0116405884424846, "loss_bbox": 1.4161503513654072, "loss_dir": 0.06916078257684906, "time": 0.5387004812558492, "epoch": 3, "iter": 12, "memory": 3913, "step": 12}
{"lr": 0.0050589228685169775, "data_time": 0.16264204680919647, "grad_norm": 7.292269751429558, "loss": 2.373467892408371, "loss_cls": 0.975633043795824, "loss_bbox": 1.3427159003913403, "loss_dir": 0.055118971155025065, "time": 0.4801967740058899, "epoch": 4, "iter": 16, "memory": 3823, "step": 16}
{"lr": 0.006806281047645081, "data_time": 0.1335333228111267, "grad_norm": 7.241376531124115, "loss": 2.2915491104125976, "loss_cls": 0.9390100628137589, "loss_bbox": 1.307507374882698, "loss_dir": 0.0450317056151107, "time": 0.44943963289260863, "epoch": 5, "iter": 20, "memory": 3956, "step": 20}
{"lr": 0.008354769778736405, "data_time": 0.1141057014465332, "grad_norm": 6.878009925285975, "loss": 2.235208680232366, "loss_cls": 0.9168036455909411, "loss_bbox": 1.280538983643055, "loss_dir": 0.037866070080781356, "time": 0.4261072476704915, "epoch": 6, "iter": 24, "memory": 3891, "step": 24}
{"lr": 0.009468645689567599, "data_time": 0.1004023551940918, "grad_norm": 6.406186921255929, "loss": 2.209089768784387, "loss_cls": 0.8972170799970627, "loss_bbox": 1.2791635457958495, "loss_dir": 0.03270916171355306, "time": 0.4123374819755554, "epoch": 7, "iter": 28, "memory": 3969, "step": 28}
{"lr": 0.009978331270024886, "data_time": 0.09008656442165375, "grad_norm": 6.064174495637417, "loss": 2.2154062949121, "loss_cls": 0.884717782959342, "loss_bbox": 1.301806777715683, "loss_dir": 0.028881744539830834, "time": 0.39934248477220535, "epoch": 8, "iter": 32, "memory": 3868, "step": 32}
{"lr": 0.009882466812062264, "data_time": 0.08204901218414307, "grad_norm": 5.665338595708211, "loss": 2.1822769012716083, "loss_cls": 0.8766288012266159, "loss_bbox": 1.279685777094629, "loss_dir": 0.025962336648566026, "time": 0.38932090997695923, "epoch": 9, "iter": 36, "memory": 3845, "step": 36}
{"lr": 0.00946381745240965, "data_time": 0.0755570650100708, "grad_norm": 5.318409463763237, "loss": 2.1498458236455917, "loss_cls": 0.8677925765514374, "loss_bbox": 1.2582279160618781, "loss_dir": 0.02382533857016824, "time": 0.3815216064453125, "epoch": 10, "iter": 40, "memory": 3912, "step": 40}
{"lr": 0.008740231373530553, "data_time": 0.07030035690827803, "grad_norm": 5.009441134604541, "loss": 2.1267551102421502, "loss_cls": 0.8599244762550701, "loss_bbox": 1.2447065507823771, "loss_dir": 0.022124098216987808, "time": 0.3753543116829612, "epoch": 11, "iter": 44, "memory": 3924, "step": 44}
{"lr": 0.007761019770918047, "data_time": 0.06643010179201762, "grad_norm": 4.724028249581655, "loss": 2.0921746964255967, "loss_cls": 0.8531310980518659, "loss_bbox": 1.2184110035498936, "loss_dir": 0.020632608837331645, "time": 0.3707193235556285, "epoch": 12, "iter": 48, "memory": 3927, "step": 48}
{"lr": 0.006592914297066485, "data_time": 0.017383370399475098, "grad_norm": 4.141343412399292, "loss": 2.008603675365448, "loss_cls": 0.8356258797645569, "loss_bbox": 1.1580695927143096, "loss_dir": 0.01490820781327784, "time": 0.31404853343963623, "epoch": 13, "iter": 52, "memory": 3874, "step": 52}
{"lr": 0.005315519409633289, "data_time": 0.017227063179016112, "grad_norm": 3.6543373131752013, "loss": 1.950717408657074, "loss_cls": 0.8109183216094971, "loss_bbox": 1.1314173769950866, "loss_dir": 0.00838171061128378, "time": 0.31407180309295657, "epoch": 14, "iter": 56, "memory": 3890, "step": 56}
{"lr": 0.004015887459202164, "data_time": 0.017288289070129394, "grad_norm": 3.326246955394745, "loss": 1.9177047777175904, "loss_cls": 0.7959135258197785, "loss_bbox": 1.1165728783607483, "loss_dir": 0.005218372037634253, "time": 0.3116877317428589, "epoch": 15, "iter": 60, "memory": 3912, "step": 60}
{"lr": 0.0027825862154516484, "data_time": 0.017362399101257323, "grad_norm": 2.962540729045868, "loss": 1.900210349559784, "loss_cls": 0.7849113798141479, "loss_bbox": 1.1112004148960113, "loss_dir": 0.004098552204668522, "time": 0.312154278755188, "epoch": 16, "iter": 64, "memory": 3866, "step": 64}
{"lr": 0.0016996631200166654, "data_time": 0.017419905662536622, "grad_norm": 2.6309849309921263, "loss": 1.894048397541046, "loss_cls": 0.7813941156864166, "loss_bbox": 1.108786128759384, "loss_dir": 0.0038681520987302064, "time": 0.3122165536880493, "epoch": 17, "iter": 68, "memory": 3864, "step": 68}
{"lr": 0.0008409175922360808, "data_time": 0.017458014488220215, "grad_norm": 2.178210790157318, "loss": 1.864629921913147, "loss_cls": 0.7792929363250732, "loss_bbox": 1.0811963438987733, "loss_dir": 0.0041406417032703756, "time": 0.3109152936935425, "epoch": 18, "iter": 72, "memory": 3814, "step": 72}
{"lr": 0.0002648717206840543, "data_time": 0.017513055801391602, "grad_norm": 1.9739454221725463, "loss": 1.8488041973114013, "loss_cls": 0.7791644716262818, "loss_bbox": 1.0651277828216552, "loss_dir": 0.004511942134704441, "time": 0.3096745729446411, "epoch": 19, "iter": 76, "memory": 3920, "step": 76}
{"lr": 1.078207954604518e-05, "data_time": 0.017494874000549318, "grad_norm": 1.7800009489059447, "loss": 1.8227132272720337, "loss_cls": 0.7777554452419281, "loss_bbox": 1.0401515305042266, "loss_dir": 0.004806247260421515, "time": 0.30989511489868166, "epoch": 20, "iter": 80, "memory": 3952, "step": 80}
