{"lr": 1.024035333367499e-07, "data_time": 0.24161870956420897, "grad_norm": 1.0671409618854524, "loss": 0.4675743305683136, "loss_cls": 0.26267326295375826, "loss_bbox": 0.20490105405449868, "loss_dir": 1.596300310491294e-08, "time": 0.5827418851852417, "epoch": 121, "iter": 10730, "memory": 4790, "step": 10730}
{"Minerva/AP40(3d metric)": 0.30625, "data_time": 0.0022999445597330728, "time": 0.2188413076930576, "step": 121}
{"lr": 1.024035333367499e-07, "data_time": 0.003173103332519531, "grad_norm": 1.112081925868988, "loss": 0.47216223180294037, "loss_cls": 0.2609466311335564, "loss_bbox": 0.21121558502316476, "loss_dir": 1.8261883769910003e-08, "time": 0.3383492994308472, "epoch": 122, "iter": 10819, "memory": 4789, "step": 10819}
{"Minerva/AP40(3d metric)": 0.30625, "data_time": 0.0015097724066840278, "time": 0.22500179873572457, "step": 122}
{"lr": 1.024035333367499e-07, "data_time": 0.0033136558532714843, "grad_norm": 1.1670842349529267, "loss": 0.47059259831905365, "loss_cls": 0.26125207483768464, "loss_bbox": 0.20934051632881165, "loss_dir": 1.4026320081378385e-08, "time": 0.33928958415985105, "epoch": 123, "iter": 10908, "memory": 4767, "step": 10908}
