{"lr": 0.001325413220526355, "data_time": 0.07061085334190956, "grad_norm": 6.019274075826009, "loss": 2.213492824481084, "loss_cls": 0.9180570321205335, "loss_bbox": 1.2607068098508394, "loss_dir": 0.0347289862887313, "time": 0.4225291227683043, "epoch": 1, "iter": 39, "memory": 3964, "step": 39}
{"lr": 0.0022861413123298965, "data_time": 0.004199199676513672, "grad_norm": 4.2658854532241826, "loss": 1.904985077381134, "loss_cls": 0.8146999585628509, "loss_bbox": 1.0870908319950103, "loss_dir": 0.003194296762812883, "time": 0.33980918884277345, "epoch": 2, "iter": 78, "memory": 4011, "step": 78}
