{"lr": 0.001325413220526355, "data_time": 0.06174761209732447, "grad_norm": 6.368845089887961, "loss": 2.2544068709397926, "loss_cls": 0.9104760839388921, "loss_bbox": 1.313313242716667, "loss_dir": 0.030617546582690034, "time": 0.4035801765246269, "epoch": 1, "iter": 39, "memory": 4025, "step": 39}
{"lr": 0.0022861413123298965, "data_time": 0.004176945686340332, "grad_norm": 4.98928147315979, "loss": 1.7745025277137756, "loss_cls": 0.8289675486087799, "loss_bbox": 0.9426283621788025, "loss_dir": 0.002906609148485586, "time": 0.33333352088928225, "epoch": 2, "iter": 78, "memory": 3977, "step": 78}
