{"lr": 0.0010116811055174008, "data_time": 0.17348697662353516, "grad_norm": 13.495122451782226, "loss": 2.851850914955139, "loss_cls": 0.9326724421977997, "loss_bbox": 1.8964939904212952, "loss_dir": 0.022684486671350895, "time": 0.5110004043579102, "epoch": 1, "iter": 50, "memory": 4710, "step": 50}
