{"lr": 0.001325413220526355, "data_time": 0.06573165380037747, "grad_norm": 5.989099190785335, "loss": 2.218272768534147, "loss_cls": 0.9004647594231826, "loss_bbox": 1.291401234956888, "loss_dir": 0.02640676536322691, "time": 0.410718288177099, "epoch": 1, "iter": 39, "memory": 3978, "step": 39}
{"lr": 0.0022861413123298965, "data_time": 0.004275555610656738, "grad_norm": 4.958578214645386, "loss": 1.8601998591423035, "loss_cls": 0.8255390930175781, "loss_bbox": 1.0325645542144775, "loss_dir": 0.0020962118363240735, "time": 0.3349100399017334, "epoch": 2, "iter": 78, "memory": 3955, "step": 78}
{"lr": 0.003736150255629655, "data_time": 0.004425153732299804, "grad_norm": 4.773605308532715, "loss": 1.7503512144088744, "loss_cls": 0.8126200997829437, "loss_bbox": 0.9370051264762879, "loss_dir": 0.000726000532740727, "time": 0.338152813911438, "epoch": 3, "iter": 117, "memory": 4003, "step": 117}
{"lr": 0.005454689333172057, "data_time": 0.00467158317565918, "grad_norm": 4.208277885913849, "loss": 1.73512109041214, "loss_cls": 0.8074217176437378, "loss_bbox": 0.9269253933429717, "loss_dir": 0.000773968297871761, "time": 0.34095407485961915, "epoch": 4, "iter": 156, "memory": 3978, "step": 156}
{"lr": 0.007180126548996788, "data_time": 0.00432898998260498, "grad_norm": 5.313662621974945, "loss": 1.7660186767578125, "loss_cls": 0.8008361744880677, "loss_bbox": 0.9634882748126984, "loss_dir": 0.0016942379216197878, "time": 0.3390562391281128, "epoch": 5, "iter": 195, "memory": 3983, "step": 195}
{"lr": 0.00864977972812186, "data_time": 0.004375319480895996, "grad_norm": 2.0783694529533387, "loss": 1.6858878326416016, "loss_cls": 0.8010254609584808, "loss_bbox": 0.8829996049404144, "loss_dir": 0.0018627691001165659, "time": 0.34017122745513917, "epoch": 6, "iter": 234, "memory": 3980, "step": 234}
{"lr": 0.00963990749646471, "data_time": 0.004562664031982422, "grad_norm": 5.357794054746628, "loss": 1.652766170501709, "loss_cls": 0.7849416279792786, "loss_bbox": 0.8666787827014923, "loss_dir": 0.001145745236426592, "time": 0.3433217000961304, "epoch": 7, "iter": 273, "memory": 4005, "step": 273}
{"lr": 0.009999771876825714, "data_time": 0.00447422981262207, "grad_norm": 1.7231252562999726, "loss": 1.7097152996063232, "loss_cls": 0.7997803437709808, "loss_bbox": 0.9085784351825714, "loss_dir": 0.0013565196271520107, "time": 0.3437170839309692, "epoch": 8, "iter": 312, "memory": 4036, "step": 312}
{"lr": 0.009837984445127365, "data_time": 0.004252595901489258, "grad_norm": 1.396894098520279, "loss": 1.5750325536727905, "loss_cls": 0.7803528046607972, "loss_bbox": 0.7933963716030121, "loss_dir": 0.0012833885446889325, "time": 0.3397503328323364, "epoch": 9, "iter": 351, "memory": 4023, "step": 351}
{"lr": 0.009346604653201357, "data_time": 0.004328322410583496, "grad_norm": 1.4411264896392821, "loss": 1.5646052503585814, "loss_cls": 0.7686783671379089, "loss_bbox": 0.7953030371665955, "loss_dir": 0.0006238415761617944, "time": 0.3389242506027222, "epoch": 10, "iter": 390, "memory": 3996, "step": 390}
{"lr": 0.008559006571572199, "data_time": 0.0041896581649780275, "grad_norm": 1.2701806616783142, "loss": 1.5072909903526306, "loss_cls": 0.7609216380119324, "loss_bbox": 0.745774713754654, "loss_dir": 0.0005946358403889462, "time": 0.3376770830154419, "epoch": 11, "iter": 429, "memory": 3946, "step": 429}
{"lr": 0.00752886370793555, "data_time": 0.004195733070373535, "grad_norm": 1.226743257045746, "loss": 1.4896849036216735, "loss_cls": 0.7650969278812408, "loss_bbox": 0.7240992116928101, "loss_dir": 0.0004887501322082244, "time": 0.3370453691482544, "epoch": 12, "iter": 468, "memory": 3972, "step": 468}
{"lr": 0.006326378596056671, "data_time": 0.004310698509216309, "grad_norm": 1.140579104423523, "loss": 1.415683627128601, "loss_cls": 0.7606039988994598, "loss_bbox": 0.6546699714660644, "loss_dir": 0.00040966092026792464, "time": 0.33636241912841797, "epoch": 13, "iter": 507, "memory": 3945, "step": 507}
{"lr": 0.0050334986091095015, "data_time": 0.0044348382949829105, "grad_norm": 1.1373381006717682, "loss": 1.4492766666412353, "loss_cls": 0.743450448513031, "loss_bbox": 0.7055816256999969, "loss_dir": 0.00024458741667331195, "time": 0.335833158493042, "epoch": 14, "iter": 546, "memory": 3961, "step": 546}
{"lr": 0.003738331381619286, "data_time": 0.0042752218246459965, "grad_norm": 1.2044418525695801, "loss": 1.364922890663147, "loss_cls": 0.7493598580360412, "loss_bbox": 0.6153478449583054, "loss_dir": 0.0002151914058777038, "time": 0.3362252569198608, "epoch": 15, "iter": 585, "memory": 3980, "step": 585}
