{"lr": 0.001005146091484126, "data_time": 0.16097567631648138, "grad_norm": 18.269980650681717, "loss": 2.675290028254191, "loss_cls": 0.8944668708703457, "loss_bbox": 1.7587846624545562, "loss_dir": 0.022038485093687016, "time": 0.3640194611671643, "epoch": 1, "iter": 39, "memory": 2458, "step": 39}
