{"lr": 0.007010670302049719, "data_time": 0.06585937279921311, "grad_norm": 5.83880319350805, "loss": 2.184764807040875, "loss_cls": 0.9059858979322971, "loss_bbox": 1.2524700562159221, "loss_dir": 0.026308854201581713, "time": 0.4142781098683675, "epoch": 1, "iter": 39, "memory": 4025, "step": 39}
{"lr": 0.009369117542444629, "data_time": 0.004140701293945313, "grad_norm": 3.7921065878868103, "loss": 2.099620130062103, "loss_cls": 0.8369324779510499, "loss_bbox": 1.2609255945682525, "loss_dir": 0.0017620350088691338, "time": 0.3372416734695435, "epoch": 2, "iter": 78, "memory": 3973, "step": 78}
{"lr": 0.003799233890010394, "data_time": 0.004109268188476563, "grad_norm": 1.9723835337162017, "loss": 1.8882833409309387, "loss_cls": 0.8276028048992157, "loss_bbox": 1.055084489583969, "loss_dir": 0.0055960388644598425, "time": 0.339514479637146, "epoch": 3, "iter": 117, "memory": 4061, "step": 117}
{"lr": 1.112712105930498e-06, "data_time": 0.004069442749023437, "grad_norm": 1.8378697884082795, "loss": 1.811884915828705, "loss_cls": 0.8291453909873963, "loss_bbox": 0.9786272132396698, "loss_dir": 0.004112298355903476, "time": 0.3376041889190674, "epoch": 4, "iter": 156, "memory": 3988, "step": 156}
