{"lr": 0.001325413220526355, "data_time": 0.0646512019328582, "grad_norm": 6.371925017772576, "loss": 2.323163491029006, "loss_cls": 0.9190263335521405, "loss_bbox": 1.374244185594412, "loss_dir": 0.02989298129119934, "time": 0.4094224709730882, "epoch": 1, "iter": 39, "memory": 4027, "step": 39}
{"lr": 0.0022861413123298965, "data_time": 0.004381661415100098, "grad_norm": 4.187863554954529, "loss": 1.944725706577301, "loss_cls": 0.831157842874527, "loss_bbox": 1.109820178747177, "loss_dir": 0.003747683538822457, "time": 0.33806445598602297, "epoch": 2, "iter": 78, "memory": 3980, "step": 78}
