{"lr": 0.0010116811055174008, "data_time": 0.21541492462158204, "grad_norm": 11.285420589447021, "loss": 2.9411612129211426, "loss_cls": 0.9996503078937531, "loss_bbox": 1.911604962348938, "loss_dir": 0.02990598129108548, "time": 0.5579295873641967, "epoch": 1, "iter": 50, "memory": 4771, "step": 50}
