{"lr": 1.024035333367499e-07, "data_time": 0.06853028774261474, "grad_norm": 0.7663825476169586, "loss": 0.4139652514457703, "loss_cls": 0.25520756751298906, "loss_bbox": 0.15875768572092055, "loss_dir": 5.635803787540361e-10, "time": 0.40392309188842773, "epoch": 121, "iter": 10730, "memory": 4796, "step": 10730}
