{"lr": 1.024035333367499e-07, "data_time": 0.16096030235290526, "grad_norm": 1.1626918923854828, "loss": 0.4900427132844925, "loss_cls": 0.2670618250966072, "loss_bbox": 0.22298087880015374, "loss_dir": 1.426523473943564e-08, "time": 0.49952718257904055, "epoch": 121, "iter": 10730, "memory": 4803, "step": 10730}
{"Minerva/AP40(3d metric)": 0.9749999999999994, "Minerva/AP40 (3d metric)": 0.17595818815331007, "Minerva/Loss_cls": 0.28377480464322224, "Minerva/Loss_bbox": 0.22888544616954667, "Minerva/Loss_dir": 4.000283517134408e-10, "Minerva/Loss_general": 0.5126602512127972, "data_time": 0.0021980603535970054, "time": 0.2179664307170444, "step": 121}
{"lr": 1.024035333367499e-07, "data_time": 0.0028559350967407226, "grad_norm": 1.1369638013839722, "loss": 0.47668174266815183, "loss_cls": 0.2605247327685356, "loss_bbox": 0.2161570008099079, "loss_dir": 1.4068134230327267e-08, "time": 0.33612149238586425, "epoch": 122, "iter": 10819, "memory": 4766, "step": 10819}
