{"lr": 0.001325413220526355, "data_time": 0.06854799466255383, "grad_norm": 8.952596315970787, "loss": 2.2215783168108034, "loss_cls": 0.8984985565527891, "loss_bbox": 1.2961412515395727, "loss_dir": 0.026938527046392362, "time": 0.4202542182726738, "epoch": 1, "iter": 39, "memory": 4024, "step": 39}
{"lr": 0.0022861413123298965, "data_time": 0.004524197578430176, "grad_norm": 7.218324270248413, "loss": 1.8479228377342225, "loss_cls": 0.8211054027080535, "loss_bbox": 1.024738677740097, "loss_dir": 0.0020787510089576243, "time": 0.3373198890686035, "epoch": 2, "iter": 78, "memory": 3982, "step": 78}
