{"lr": 1.024035333367499e-07, "data_time": 0.22162093639373778, "grad_norm": 1.1936594092845916, "loss": 0.46006772816181185, "loss_cls": 0.25924470365047453, "loss_bbox": 0.20082301422953605, "loss_dir": 1.2940021025392712e-08, "time": 0.560489501953125, "epoch": 121, "iter": 10730, "memory": 4830, "step": 10730}
{"Minerva/AP40(3d metric)": 0.9749999999999994, "Minerva/AP40 (3d metric)": 0.18181818181818182, "Minerva/Loss_cls": 0.28377480464322224, "Minerva/Loss_bbox": 0.22888544616954667, "Minerva/Loss_dir": 4.000283517134408e-10, "Minerva/Loss_general": 0.17088675040426574, "data_time": 0.002417074309455024, "time": 0.22215804126527575, "step": 121}
{"lr": 1.024035333367499e-07, "data_time": 0.0033978128433227537, "grad_norm": 1.1463889354467391, "loss": 0.4868740290403366, "loss_cls": 0.2666578021645546, "loss_bbox": 0.22021620497107505, "loss_dir": 2.851581221818833e-08, "time": 0.3384821844100952, "epoch": 122, "iter": 10819, "memory": 4773, "step": 10819}
{"Minerva/AP40(3d metric)": 0.9749999999999994, "Minerva/AP40 (3d metric)": 0.1840909090909091, "Minerva/Loss_cls": 0.28377480464322224, "Minerva/Loss_bbox": 0.22888544616954667, "Minerva/Loss_dir": 4.000283517134408e-10, "Minerva/Loss_general": 0.17088675040426574, "data_time": 0.0012027621269226074, "time": 0.22041015492545235, "step": 122}
{"lr": 1.024035333367499e-07, "data_time": 0.003346843719482422, "grad_norm": 1.1710272765159606, "loss": 0.49152263402938845, "loss_cls": 0.2711602973937988, "loss_bbox": 0.22036232456564903, "loss_dir": 1.495325438902184e-08, "time": 0.340676965713501, "epoch": 123, "iter": 10908, "memory": 4799, "step": 10908}
{"Minerva/AP40(3d metric)": 0.9749999999999994, "Minerva/AP40 (3d metric)": 0.1840909090909091, "Minerva/Loss_cls": 0.28377480464322224, "Minerva/Loss_bbox": 0.22888544616954667, "Minerva/Loss_dir": 4.000283517134408e-10, "Minerva/Loss_general": 0.17088675040426574, "data_time": 0.0011657211515638563, "time": 0.22204999128977457, "step": 123}
{"lr": 1.024035333367499e-07, "data_time": 0.0029738903045654296, "grad_norm": 1.2003648829460145, "loss": 0.48914924561977385, "loss_cls": 0.2695283338427544, "loss_bbox": 0.2196208991110325, "loss_dir": 1.4377508285451367e-08, "time": 0.3364110040664673, "epoch": 124, "iter": 10997, "memory": 4747, "step": 10997}
{"Minerva/AP40(3d metric)": 0.9749999999999994, "Minerva/AP40 (3d metric)": 0.1715909090909091, "Minerva/Loss_cls": 0.28377480464322224, "Minerva/Loss_bbox": 0.22888544616954667, "Minerva/Loss_dir": 4.000283517134408e-10, "Minerva/Loss_general": 0.17088675040426574, "data_time": 0.0012070536613464355, "time": 0.22288595967822605, "step": 124}
{"lr": 1.024035333367499e-07, "data_time": 0.0029549217224121094, "grad_norm": 1.1466508960723878, "loss": 0.47807476460933684, "loss_cls": 0.26581775188446044, "loss_bbox": 0.21225700050592422, "loss_dir": 1.624692739288225e-08, "time": 0.33845962524414064, "epoch": 125, "iter": 11086, "memory": 4762, "step": 11086}
{"Minerva/AP40(3d metric)": 0.9749999999999994, "Minerva/AP40 (3d metric)": 0.18662790697674425, "Minerva/Loss_cls": 0.28377480464322224, "Minerva/Loss_bbox": 0.22888544616954667, "Minerva/Loss_dir": 4.000283517134408e-10, "Minerva/Loss_general": 0.17088675040426574, "data_time": 0.001209663020239936, "time": 0.22313957081900704, "step": 125}
{"lr": 1.024035333367499e-07, "data_time": 0.0029297113418579102, "grad_norm": 1.189645904302597, "loss": 0.47752533853054047, "loss_cls": 0.26626098453998565, "loss_bbox": 0.21126434028148652, "loss_dir": 1.4042094615002166e-08, "time": 0.3393336534500122, "epoch": 126, "iter": 11175, "memory": 4830, "step": 11175}
