{"lr": 0.001325413220526355, "data_time": 0.10198325988573906, "grad_norm": 6.024957467348147, "loss": 2.2796105176974564, "loss_cls": 0.9269127922180371, "loss_bbox": 1.3214073379834492, "loss_dir": 0.03129038274383698, "time": 0.7530619119986509, "epoch": 1, "iter": 39, "memory": 4009, "step": 39}
{"lr": 0.0022861413123298965, "data_time": 0.004316148757934571, "grad_norm": 4.5494306993484495, "loss": 1.7366309022903443, "loss_cls": 0.8203276264667511, "loss_bbox": 0.9136567568778992, "loss_dir": 0.0026465200958773493, "time": 0.6617530679702759, "epoch": 2, "iter": 78, "memory": 3993, "step": 78}
