{"lr": 0.0011937684892050597, "data_time": 0.5831819772720337, "grad_norm": 9.643524050712585, "loss": 2.9558498859405518, "loss_cls": 1.094952404499054, "loss_bbox": 1.7484844028949738, "loss_dir": 0.1124130729585886, "time": 0.947835385799408, "epoch": 1, "iter": 4, "memory": 3930, "step": 4}
{"lr": 0.0020214529598676836, "data_time": 0.3005358874797821, "grad_norm": 8.459157168865204, "loss": 2.6613842248916626, "loss_cls": 1.0534688383340836, "loss_bbox": 1.5229899436235428, "loss_dir": 0.08492547739297152, "time": 0.627179741859436, "epoch": 2, "iter": 8, "memory": 3822, "step": 8}
