{"lr": 0.001325413220526355, "data_time": 0.07074491182963054, "grad_norm": 7.267102235402817, "loss": 2.1302036474912596, "loss_cls": 0.9152433505425086, "loss_bbox": 1.1865110473755078, "loss_dir": 0.028449249429962575, "time": 0.41855552257635653, "epoch": 1, "iter": 39, "memory": 4041, "step": 39}
{"lr": 0.0022861413123298965, "data_time": 0.004585466384887695, "grad_norm": 5.060726618766784, "loss": 1.7085383009910584, "loss_cls": 0.8159476959705353, "loss_bbox": 0.8897652494907379, "loss_dir": 0.002825344072189182, "time": 0.3410024547576904, "epoch": 2, "iter": 78, "memory": 3978, "step": 78}
