{"lr": 0.001325413220526355, "data_time": 0.06302711291190906, "grad_norm": 6.411031050559802, "loss": 2.2844117941000524, "loss_cls": 0.9321420544233078, "loss_bbox": 1.321171169097607, "loss_dir": 0.031098564465840656, "time": 0.4073784718146691, "epoch": 1, "iter": 39, "memory": 3981, "step": 39}
{"lr": 0.0022861413123298965, "data_time": 0.004284305572509766, "grad_norm": 4.66992495059967, "loss": 1.781576144695282, "loss_cls": 0.8305308437347412, "loss_bbox": 0.947822253704071, "loss_dir": 0.003223059581359848, "time": 0.3381553840637207, "epoch": 2, "iter": 78, "memory": 4033, "step": 78}
