{"lr": 0.0011937684892050597, "data_time": 0.6670438647270203, "grad_norm": 27.827255964279175, "loss": 3.455447733402252, "loss_cls": 1.083293378353119, "loss_bbox": 2.2653051614761353, "loss_dir": 0.10684910789132118, "time": 1.2532301545143127, "epoch": 1, "iter": 4, "memory": 3898, "step": 4}
{"lr": 0.0020214529598676836, "data_time": 0.34239470958709717, "grad_norm": 18.302000403404236, "loss": 3.0249767303466797, "loss_cls": 1.047668568789959, "loss_bbox": 1.8951753377914429, "loss_dir": 0.0821327781304717, "time": 0.9051572978496552, "epoch": 2, "iter": 8, "memory": 3855, "step": 8}
