{"lr": 0.0010116811055174008, "data_time": 0.24308962345123292, "grad_norm": 11.9605438041687, "loss": 2.8617225456237794, "loss_cls": 0.9314688467979431, "loss_bbox": 1.9048352909088135, "loss_dir": 0.02541839860379696, "time": 0.5859581184387207, "epoch": 1, "iter": 50, "memory": 4773, "step": 50}
