{"lr": 0.0011937684892050597, "data_time": 0.5960547924041748, "grad_norm": 11.055561780929565, "loss": 3.231884241104126, "loss_cls": 1.0926306545734406, "loss_bbox": 2.032590538263321, "loss_dir": 0.10666309297084808, "time": 0.9574697613716125, "epoch": 1, "iter": 4, "memory": 3869, "step": 4}
{"lr": 0.0020214529598676836, "data_time": 0.3064410984516144, "grad_norm": 9.16470319032669, "loss": 2.8234671354293823, "loss_cls": 1.0537546947598457, "loss_bbox": 1.6867197826504707, "loss_dir": 0.08299273112788796, "time": 0.633527398109436, "epoch": 2, "iter": 8, "memory": 3858, "step": 8}
{"lr": 0.00337871468428301, "data_time": 0.20993534723917642, "grad_norm": 56.54541063308716, "loss": 2.615826368331909, "loss_cls": 1.0156866759061813, "loss_bbox": 1.5357646991809208, "loss_dir": 0.0643750624731183, "time": 0.5302625099817911, "epoch": 3, "iter": 12, "memory": 3922, "step": 12}
{"lr": 0.0050589228685169775, "data_time": 0.16156303882598877, "grad_norm": 43.70471727848053, "loss": 2.481373392045498, "loss_cls": 0.9781856387853622, "loss_bbox": 1.4514337740838528, "loss_dir": 0.05175399576546624, "time": 0.4747368395328522, "epoch": 4, "iter": 16, "memory": 3917, "step": 16}
{"lr": 0.006806281047645081, "data_time": 0.1325775146484375, "grad_norm": 35.8827219247818, "loss": 2.3836532831192017, "loss_cls": 0.9416630327701568, "loss_bbox": 1.3993924617767335, "loss_dir": 0.04259778722189367, "time": 0.4409319758415222, "epoch": 5, "iter": 20, "memory": 3815, "step": 20}
{"lr": 0.008354769778736405, "data_time": 0.11323711276054382, "grad_norm": 30.696216821670532, "loss": 2.302254488070806, "loss_cls": 0.9248451292514801, "loss_bbox": 1.3414146179954212, "loss_dir": 0.035994743811897933, "time": 0.41842523217201233, "epoch": 6, "iter": 24, "memory": 3846, "step": 24}
{"lr": 0.009468645689567599, "data_time": 0.09956560816083636, "grad_norm": 26.941797852516174, "loss": 2.2756583392620087, "loss_cls": 0.9080048948526382, "loss_bbox": 1.3365124059574944, "loss_dir": 0.03114104178634339, "time": 0.40274635383061, "epoch": 7, "iter": 28, "memory": 3901, "step": 28}
{"lr": 0.009978331270024886, "data_time": 0.08925922960042953, "grad_norm": 24.107194751501083, "loss": 2.2644973658025265, "loss_cls": 0.8938142545521259, "loss_bbox": 1.3432683516293764, "loss_dir": 0.02741476371738827, "time": 0.39124687016010284, "epoch": 8, "iter": 32, "memory": 3892, "step": 32}
{"lr": 0.009882466812062264, "data_time": 0.08129500680499607, "grad_norm": 21.863920158810085, "loss": 2.224889427423477, "loss_cls": 0.885387702120675, "loss_bbox": 1.3150104118718042, "loss_dir": 0.02449131303486259, "time": 0.38206271330515545, "epoch": 9, "iter": 36, "memory": 3861, "step": 36}
{"lr": 0.00946381745240965, "data_time": 0.07489281892776489, "grad_norm": 20.00768112242222, "loss": 2.212689518928528, "loss_cls": 0.8736139625310898, "loss_bbox": 1.3168898865580558, "loss_dir": 0.022185666333825793, "time": 0.3748720109462738, "epoch": 10, "iter": 40, "memory": 3891, "step": 40}
