{"lr": 1.024035333367499e-07, "data_time": 0.2559905290603638, "grad_norm": 1.0858057111501693, "loss": 0.46907127618789674, "loss_cls": 0.261480937898159, "loss_bbox": 0.20216758593916892, "loss_dir": 0.005422755965735559, "time": 0.9254208135604859, "epoch": 121, "iter": 10730, "memory": 4835, "step": 10730}
