{"lr": 0.0011937684892050597, "data_time": 0.5984426736831665, "grad_norm": 10.650096535682678, "loss": 3.2770121693611145, "loss_cls": 1.0789946615695953, "loss_bbox": 2.0900014638900757, "loss_dir": 0.10801605880260468, "time": 0.9911471009254456, "epoch": 1, "iter": 4, "memory": 3923, "step": 4}
{"lr": 0.0020214529598676836, "data_time": 0.3078005313873291, "grad_norm": 9.195715606212616, "loss": 2.9824824929237366, "loss_cls": 1.0426825731992722, "loss_bbox": 1.8575327396392822, "loss_dir": 0.08226719545200467, "time": 0.6578084528446198, "epoch": 2, "iter": 8, "memory": 3930, "step": 8}
