{"lr": 0.007010670302049719, "data_time": 0.0640729940854586, "grad_norm": 6.328896051798111, "loss": 2.2198898761700363, "loss_cls": 0.912944842607547, "loss_bbox": 1.279310513765384, "loss_dir": 0.02763451842101625, "time": 0.4055608419271616, "epoch": 1, "iter": 39, "memory": 4012, "step": 39}
{"lr": 0.009369117542444629, "data_time": 0.004078311920166016, "grad_norm": 2.898735771179199, "loss": 2.0027167320251467, "loss_cls": 0.8433701622486115, "loss_bbox": 1.1568590354919435, "loss_dir": 0.0024875232740305363, "time": 0.33559905529022216, "epoch": 2, "iter": 78, "memory": 3993, "step": 78}
{"lr": 0.003799233890010394, "data_time": 0.003974089622497559, "grad_norm": 2.033418025970459, "loss": 1.9946796441078185, "loss_cls": 0.8243580400943756, "loss_bbox": 1.1676667368412017, "loss_dir": 0.0026548529090359807, "time": 0.3356790113449097, "epoch": 3, "iter": 117, "memory": 3966, "step": 117}
{"lr": 1.112712105930498e-06, "data_time": 0.004059553146362305, "grad_norm": 1.7570717549324035, "loss": 1.8601958918571473, "loss_cls": 0.812098263502121, "loss_bbox": 1.0465369749069213, "loss_dir": 0.0015606487228069454, "time": 0.3372429370880127, "epoch": 4, "iter": 156, "memory": 4031, "step": 156}
