{"lr": 0.001325413220526355, "data_time": 0.06556274952032627, "grad_norm": 6.730407782090016, "loss": 2.2335037329258065, "loss_cls": 0.9175581962634356, "loss_bbox": 1.2879091470669477, "loss_dir": 0.02803639101330191, "time": 0.40861727641179013, "epoch": 1, "iter": 39, "memory": 4052, "step": 39}
{"lr": 0.0022861413123298965, "data_time": 0.004083352088928223, "grad_norm": 4.899523673057556, "loss": 1.8302677297592163, "loss_cls": 0.815825263261795, "loss_bbox": 1.0124656665325165, "loss_dir": 0.0019767883722670377, "time": 0.33430803298950196, "epoch": 2, "iter": 78, "memory": 4028, "step": 78}
