{"lr": 0.0010116811055174008, "data_time": 0.21001219749450684, "grad_norm": 11.910008878707886, "loss": 2.9288656759262084, "loss_cls": 1.0503638339042665, "loss_bbox": 1.8527950549125671, "loss_dir": 0.025706778513267636, "time": 0.5506661033630371, "epoch": 1, "iter": 50, "memory": 4757, "step": 50}
