{"lr": 0.0011937684892050597, "data_time": 0.5992305874824524, "grad_norm": 54.100778102874756, "loss": 2.9588764309883118, "loss_cls": 1.0789492726325989, "loss_bbox": 1.7652727961540222, "loss_dir": 0.1146544311195612, "time": 0.976288914680481, "epoch": 1, "iter": 4, "memory": 3851, "step": 4}
{"lr": 0.0020214529598676836, "data_time": 0.30825114250183105, "grad_norm": 30.663827002048492, "loss": 2.6551082134246826, "loss_cls": 1.0384614393115044, "loss_bbox": 1.5282893627882004, "loss_dir": 0.08835742110386491, "time": 0.6528453230857849, "epoch": 2, "iter": 8, "memory": 3896, "step": 8}
