{"lr": 7.141144492452661e-06, "data_time": 0.07225891260000375, "grad_norm": 5.869334309529036, "loss": 2.411815744179946, "loss_cls": 0.9107289635218107, "loss_bbox": 1.4818563935084221, "loss_dir": 0.019230408313421484, "time": 0.41799286695627064, "epoch": 1, "iter": 39, "memory": 4040, "step": 39}
