{"lr": 0.0010116811055174008, "data_time": 0.15310022354125977, "grad_norm": 13.69758602142334, "loss": 2.839417734146118, "loss_cls": 0.9336445128917694, "loss_bbox": 1.8847923326492309, "loss_dir": 0.020980898556299508, "time": 0.5233183622360229, "epoch": 1, "iter": 50, "memory": 4807, "step": 50}
