{"lr": 0.0011937684892050597, "data_time": 0.625210702419281, "grad_norm": 11.108258605003357, "loss": 3.042158603668213, "loss_cls": 1.0956279933452606, "loss_bbox": 1.837603598833084, "loss_dir": 0.10892706550657749, "time": 0.9876535534858704, "epoch": 1, "iter": 4, "memory": 3871, "step": 4}
{"lr": 0.0020214529598676836, "data_time": 0.32500600814819336, "grad_norm": 8.391918182373047, "loss": 2.7083891928195953, "loss_cls": 1.0631348714232445, "loss_bbox": 1.5592348128557205, "loss_dir": 0.08601957140490413, "time": 0.6522170603275299, "epoch": 2, "iter": 8, "memory": 3852, "step": 8}
