{"lr": 0.0010116811055174008, "data_time": 0.17134533405303956, "grad_norm": 11.571587505340576, "loss": 2.8585263681411743, "loss_cls": 0.9617874956130982, "loss_bbox": 1.8735304927825929, "loss_dir": 0.023208344005979598, "time": 0.5130126476287842, "epoch": 1, "iter": 50, "memory": 4822, "step": 50}
{"Minerva/AP40 (3d metric)": 0.0, "Minerva/Loss_cls": 1.1776694076401846, "Minerva/Loss_bbox": 1.9652083056313652, "Minerva/Loss_dir": 0.000670884780785335, "Minerva/Loss_general": 3.143548598052335, "data_time": 0.002239370346069336, "time": 0.22374705587114607, "step": 1}
{"lr": 0.0010923733072916945, "data_time": 0.0037679529190063478, "grad_norm": 8.655531277656555, "loss": 2.2060203385353088, "loss_cls": 0.7988885998725891, "loss_bbox": 1.4054361391067505, "loss_dir": 0.00169557960703969, "time": 0.34143781661987305, "epoch": 2, "iter": 139, "memory": 4769, "step": 139}
{"Minerva/AP40 (3d metric)": 0.0, "Minerva/Loss_cls": 1.1776694076401846, "Minerva/Loss_bbox": 1.9652083056313652, "Minerva/Loss_dir": 0.000670884780785335, "Minerva/Loss_general": 3.143548598052335, "data_time": 0.001217166582743327, "time": 0.22116771009233263, "step": 2}
{"lr": 0.0012484812238032095, "data_time": 0.0032158756256103517, "grad_norm": 7.925248303413391, "loss": 1.9784700512886046, "loss_cls": 0.7683955526351929, "loss_bbox": 1.2090981853008271, "loss_dir": 0.0009763145656324923, "time": 0.3399092245101929, "epoch": 3, "iter": 228, "memory": 4777, "step": 228}
{"Minerva/AP40 (3d metric)": 0.0, "Minerva/Loss_cls": 1.1776694076401846, "Minerva/Loss_bbox": 1.9652083056313652, "Minerva/Loss_dir": 0.000670884780785335, "Minerva/Loss_general": 3.143548598052335, "data_time": 0.0012911690606011285, "time": 0.22444351514180502, "step": 3}
