{"lr": 0.0010116811055174008, "data_time": 0.17873507022857665, "grad_norm": 14.996685600280761, "loss": 2.8988312554359434, "loss_cls": 0.9444096148014068, "loss_bbox": 1.9345060455799103, "loss_dir": 0.019915581424720587, "time": 0.5194167518615722, "epoch": 1, "iter": 50, "memory": 4743, "step": 50}
