{"lr": 0.0010116811055174008, "data_time": 0.1929715871810913, "grad_norm": 13.069666633605957, "loss": 2.826214327812195, "loss_cls": 0.9399336516857147, "loss_bbox": 1.8621493864059449, "loss_dir": 0.02413128482643515, "time": 0.5355874633789063, "epoch": 1, "iter": 50, "memory": 4808, "step": 50}
