{"lr": 1.024035333367499e-07, "data_time": 0.17485546112060546, "grad_norm": 1.2165996980667115, "loss": 0.49206803381443026, "loss_cls": 0.27264242827892304, "loss_bbox": 0.21942559763789177, "loss_dir": 1.3166598477748482e-08, "time": 0.5117878866195679, "epoch": 121, "iter": 10730, "memory": 4761, "step": 10730}
{"Minerva/AP40(3d metric)": 0.9749999999999994, "Minerva/AP40 (3d metric)": 0.16796008869179596, "Minerva/Loss_cls": 0.28377480464322224, "Minerva/Loss_bbox": 0.22888544616954667, "Minerva/Loss_dir": 4.000283517134408e-10, "Minerva/Loss_general": 0.5126602512127972, "data_time": 0.002611650360955132, "time": 0.21942093637254503, "step": 121}
{"lr": 1.024035333367499e-07, "data_time": 0.003110485076904297, "grad_norm": 1.1527338683605195, "loss": 0.47124798119068145, "loss_cls": 0.26065503478050234, "loss_bbox": 0.21059293001890184, "loss_dir": 1.6141235292532752e-08, "time": 0.33576665878295897, "epoch": 122, "iter": 10819, "memory": 4766, "step": 10819}
{"Minerva/AP40(3d metric)": 0.9749999999999994, "Minerva/AP40 (3d metric)": 0.16851441241685144, "Minerva/Loss_cls": 0.28377480464322224, "Minerva/Loss_bbox": 0.22888544616954667, "Minerva/Loss_dir": 4.000283517134408e-10, "Minerva/Loss_general": 0.5126602512127972, "data_time": 0.0011432899369133844, "time": 0.22072845697402954, "step": 122}
{"lr": 1.024035333367499e-07, "data_time": 0.0038327741622924804, "grad_norm": 1.194323766231537, "loss": 0.5094571787118912, "loss_cls": 0.26942955851554873, "loss_bbox": 0.24002760663628578, "loss_dir": 1.1310205079440028e-08, "time": 0.33983592987060546, "epoch": 123, "iter": 10908, "memory": 4809, "step": 10908}
{"Minerva/AP40(3d metric)": 0.9749999999999994, "Minerva/AP40 (3d metric)": 0.16851441241685144, "Minerva/Loss_cls": 0.28377480464322224, "Minerva/Loss_bbox": 0.22888544616954667, "Minerva/Loss_dir": 4.000283517134408e-10, "Minerva/Loss_general": 0.5126602512127972, "data_time": 0.001167489422692193, "time": 0.22038322024875218, "step": 123}
{"lr": 1.024035333367499e-07, "data_time": 0.002956357002258301, "grad_norm": 1.1826447129249573, "loss": 0.48963666677474976, "loss_cls": 0.2720457074046135, "loss_bbox": 0.21759094744920732, "loss_dir": 1.3480830896722695e-08, "time": 0.33717243671417235, "epoch": 124, "iter": 10997, "memory": 4829, "step": 10997}
{"Minerva/AP40(3d metric)": 0.9749999999999994, "Minerva/AP40 (3d metric)": 0.171840354767184, "Minerva/Loss_cls": 0.28377480464322224, "Minerva/Loss_bbox": 0.22888544616954667, "Minerva/Loss_dir": 4.000283517134408e-10, "Minerva/Loss_general": 0.5126602512127972, "data_time": 0.0013158917427062988, "time": 0.22385846906238133, "step": 124}
{"lr": 1.024035333367499e-07, "data_time": 0.0049248218536376955, "grad_norm": 1.1892177331447602, "loss": 0.4739371001720428, "loss_cls": 0.2686633351445198, "loss_bbox": 0.20527375221252442, "loss_dir": 1.3898743805723645e-08, "time": 0.34314766883850095, "epoch": 125, "iter": 11086, "memory": 4840, "step": 11086}
{"Minerva/AP40(3d metric)": 0.9749999999999994, "Minerva/AP40 (3d metric)": 0.16619398752127065, "Minerva/Loss_cls": 0.28377480464322224, "Minerva/Loss_bbox": 0.22888544616954667, "Minerva/Loss_dir": 4.000283517134408e-10, "Minerva/Loss_general": 0.5126602512127972, "data_time": 0.0013400647375318739, "time": 0.22541088528103298, "step": 125}
