{"lr": 7.141144492452661e-06, "data_time": 0.07313917844723432, "grad_norm": 4.740328263013791, "loss": 2.269700716703366, "loss_cls": 0.8840526541074117, "loss_bbox": 1.3669358553030553, "loss_dir": 0.018712216059868343, "time": 0.4182483660869109, "epoch": 1, "iter": 39, "memory": 4023, "step": 39}
