{"lr": 0.001005146091484126, "data_time": 0.15958413099631286, "grad_norm": 12.212183634440104, "loss": 2.539089988439511, "loss_cls": 0.9382551740377377, "loss_bbox": 1.5641990242860255, "loss_dir": 0.03663579502310126, "time": 0.36218517254560423, "epoch": 1, "iter": 39, "memory": 2480, "step": 39}
