{"lr": 0.0010116811055174008, "data_time": 0.19032193183898927, "grad_norm": 13.385676670074464, "loss": 2.88491304397583, "loss_cls": 0.9426636016368866, "loss_bbox": 1.9219653844833373, "loss_dir": 0.020284068787004797, "time": 0.5338056755065917, "epoch": 1, "iter": 50, "memory": 4769, "step": 50}
