{"lr": 0.0010116811055174008, "data_time": 0.1916748809814453, "grad_norm": 12.016129388809205, "loss": 2.85396710395813, "loss_cls": 0.9658200037479401, "loss_bbox": 1.8618902349472046, "loss_dir": 0.02625684652943164, "time": 0.5299290990829468, "epoch": 1, "iter": 50, "memory": 4758, "step": 50}
{"lr": 0.0010923733072916945, "data_time": 0.003410143852233887, "grad_norm": 8.5696799659729, "loss": 2.084034879207611, "loss_cls": 0.8067561793327331, "loss_bbox": 1.2756002271175384, "loss_dir": 0.0016784964088583365, "time": 0.33875719547271727, "epoch": 2, "iter": 139, "memory": 4747, "step": 139}
{"lr": 0.0012484812238032095, "data_time": 0.0031751060485839845, "grad_norm": 7.056573066711426, "loss": 1.9284030294418335, "loss_cls": 0.7687655556201934, "loss_bbox": 1.1588468182086944, "loss_dir": 0.0007906539994291961, "time": 0.3399291467666626, "epoch": 3, "iter": 228, "memory": 4796, "step": 228}
{"lr": 0.001477333805319149, "data_time": 0.0031627607345581055, "grad_norm": 7.501904788017273, "loss": 1.8716775155067444, "loss_cls": 0.7349280226230621, "loss_bbox": 1.1360536682605744, "loss_dir": 0.0006958368574851193, "time": 0.34179617404937745, "epoch": 4, "iter": 317, "memory": 4764, "step": 317}
{"lr": 0.0017750153207198548, "data_time": 0.003625950813293457, "grad_norm": 6.634009613990783, "loss": 1.8372490501403809, "loss_cls": 0.7253784584999085, "loss_bbox": 1.1114974343776702, "loss_dir": 0.00037315654844860546, "time": 0.3452550315856934, "epoch": 5, "iter": 406, "memory": 4774, "step": 406}
{"Minerva/AP40 (3d metric)": 0.0, "Minerva/Loss_cls": 1.6529295410428728, "Minerva/Loss_bbox": 1.3962424840245928, "Minerva/Loss_dir": 0.00038320952774915413, "Minerva/Loss_general": 3.049555234595215, "data_time": 0.002089078085763114, "time": 0.22794344765799388, "step": 5}
{"lr": 0.002136432356743897, "data_time": 0.00315037727355957, "grad_norm": 6.535872445106507, "loss": 1.7529514718055725, "loss_cls": 0.677907658815384, "loss_bbox": 1.0747863006591798, "loss_dir": 0.0002574971329886466, "time": 0.342178430557251, "epoch": 6, "iter": 495, "memory": 4734, "step": 495}
