{"lr": 0.0011937684892050597, "data_time": 0.6612769365310669, "grad_norm": 8.66422963142395, "loss": 2.9303224682807922, "loss_cls": 1.0992882549762726, "loss_bbox": 1.7147649228572845, "loss_dir": 0.11626922897994518, "time": 1.0354847311973572, "epoch": 1, "iter": 4, "memory": 3908, "step": 4}
{"lr": 0.0020214529598676836, "data_time": 0.33934593200683594, "grad_norm": 7.127592384815216, "loss": 2.732041656970978, "loss_cls": 1.0659152269363403, "loss_bbox": 1.5739757865667343, "loss_dir": 0.09215059410780668, "time": 0.6795068681240082, "epoch": 2, "iter": 8, "memory": 3946, "step": 8}
