{"lr": 1.024035333367499e-07, "data_time": 0.1987163543701172, "grad_norm": 1.1963241147994994, "loss": 0.504335595369339, "loss_cls": 0.27190583109855654, "loss_bbox": 0.23242975190281867, "loss_dir": 1.6276036446660757e-08, "time": 0.5364035177230835, "epoch": 121, "iter": 10730, "memory": 4824, "step": 10730}
