{"lr": 0.0011937684892050597, "data_time": 0.654776930809021, "grad_norm": 8.817885637283325, "loss": 2.8685880303382874, "loss_cls": 1.0885449051856995, "loss_bbox": 1.6667937338352203, "loss_dir": 0.11324930936098099, "time": 1.0410054922103882, "epoch": 1, "iter": 4, "memory": 3805, "step": 4}
{"lr": 0.0020214529598676836, "data_time": 0.33964672684669495, "grad_norm": 6.839320957660675, "loss": 2.564601629972458, "loss_cls": 1.0575018525123596, "loss_bbox": 1.417469084262848, "loss_dir": 0.08963064523413777, "time": 0.6905096471309662, "epoch": 2, "iter": 8, "memory": 3891, "step": 8}
