{"lr": 1.024035333367499e-07, "data_time": 0.17379071235656737, "grad_norm": 1.2340891230106354, "loss": 0.5093722361326217, "loss_cls": 0.27427678495645524, "loss_bbox": 0.23509543687105178, "loss_dir": 1.7402869302296508e-08, "time": 0.5124629068374634, "epoch": 121, "iter": 10730, "memory": 4794, "step": 10730}
