{"lr": 0.0011937684892050597, "data_time": 0.7017269134521484, "grad_norm": 9.391527771949768, "loss": 2.853643774986267, "loss_cls": 1.0845431089401245, "loss_bbox": 1.6541684567928314, "loss_dir": 0.11493220180273056, "time": 1.0983384251594543, "epoch": 1, "iter": 4, "memory": 3900, "step": 4}
{"lr": 0.0020214529598676836, "data_time": 0.3598080277442932, "grad_norm": 8.357707798480988, "loss": 2.5658552944660187, "loss_cls": 1.0441803932189941, "loss_bbox": 1.4330398812890053, "loss_dir": 0.08863504277542233, "time": 0.7097577452659607, "epoch": 2, "iter": 8, "memory": 3930, "step": 8}
{"lr": 0.00337871468428301, "data_time": 0.24587398767471313, "grad_norm": 7.576460738976796, "loss": 2.455697496732076, "loss_cls": 1.0078717321157455, "loss_bbox": 1.3779832273721695, "loss_dir": 0.06984253988290827, "time": 0.5759579340616862, "epoch": 3, "iter": 12, "memory": 3850, "step": 12}
{"lr": 0.0050589228685169775, "data_time": 0.1886385679244995, "grad_norm": 6.546980157494545, "loss": 2.3445209711790085, "loss_cls": 0.968685157597065, "loss_bbox": 1.3194349370896816, "loss_dir": 0.05640088260406628, "time": 0.509129986166954, "epoch": 4, "iter": 16, "memory": 3847, "step": 16}
{"lr": 0.006806281047645081, "data_time": 0.154155957698822, "grad_norm": 6.2703711032867435, "loss": 2.266433149576187, "loss_cls": 0.9466900706291199, "loss_bbox": 1.2737733274698257, "loss_dir": 0.045969749731011686, "time": 0.4680844783782959, "epoch": 5, "iter": 20, "memory": 3800, "step": 20}
{"lr": 0.008354769778736405, "data_time": 0.1312480370203654, "grad_norm": 5.7558169066905975, "loss": 2.1933132857084274, "loss_cls": 0.9210331986347834, "loss_bbox": 1.2334507803122203, "loss_dir": 0.03882931160236088, "time": 0.44137341777483624, "epoch": 6, "iter": 24, "memory": 3853, "step": 24}
{"lr": 0.009468645689567599, "data_time": 0.11502296583993095, "grad_norm": 5.3824388810566495, "loss": 2.141765866960798, "loss_cls": 0.9032013522727149, "loss_bbox": 1.2049756518432073, "loss_dir": 0.03358886901488794, "time": 0.42301231622695923, "epoch": 7, "iter": 28, "memory": 3879, "step": 28}
{"lr": 0.009978331270024886, "data_time": 0.10338464379310608, "grad_norm": 5.147759363055229, "loss": 2.0996954292058945, "loss_cls": 0.8859807252883911, "loss_bbox": 1.1840934436768293, "loss_dir": 0.029621265952300746, "time": 0.40965937077999115, "epoch": 8, "iter": 32, "memory": 3847, "step": 32}
{"lr": 0.009882466812062264, "data_time": 0.09468936257892185, "grad_norm": 4.897348182068931, "loss": 2.0850295192665524, "loss_cls": 0.8777165843380822, "loss_bbox": 1.1808509247170553, "loss_dir": 0.02646201635393987, "time": 0.3989448348681132, "epoch": 9, "iter": 36, "memory": 3818, "step": 36}
{"lr": 0.00946381745240965, "data_time": 0.08700578808784484, "grad_norm": 4.660394951701164, "loss": 2.0417319923639297, "loss_cls": 0.8705764770507812, "loss_bbox": 1.147195217013359, "loss_dir": 0.023960300811449998, "time": 0.3901467025279999, "epoch": 10, "iter": 40, "memory": 3827, "step": 40}
{"lr": 0.008740231373530553, "data_time": 0.08123749494552612, "grad_norm": 4.433608976277438, "loss": 2.0064463913440704, "loss_cls": 0.8667193488641218, "loss_bbox": 1.1177555085583166, "loss_dir": 0.021971539184133606, "time": 0.3833532766862349, "epoch": 11, "iter": 44, "memory": 3920, "step": 44}
{"lr": 0.007761019770918047, "data_time": 0.07604160408178966, "grad_norm": 4.23692415903012, "loss": 2.006432888408502, "loss_cls": 0.8619282941023508, "loss_bbox": 1.1242626626044512, "loss_dir": 0.020241931763545534, "time": 0.3772987226645152, "epoch": 12, "iter": 48, "memory": 3877, "step": 48}
{"lr": 0.006592914297066485, "data_time": 0.01827394962310791, "grad_norm": 3.822350628376007, "loss": 1.9500954461097717, "loss_cls": 0.847186553478241, "loss_bbox": 1.0886772936582565, "loss_dir": 0.01423159364494495, "time": 0.31195476531982425, "epoch": 13, "iter": 52, "memory": 3949, "step": 52}
{"lr": 0.005315519409633289, "data_time": 0.018389115333557127, "grad_norm": 3.421063311100006, "loss": 1.894787645339966, "loss_cls": 0.82721022605896, "loss_bbox": 1.0601228863000869, "loss_dir": 0.007454525063512847, "time": 0.30982390880584715, "epoch": 14, "iter": 56, "memory": 3824, "step": 56}
{"lr": 0.004015887459202164, "data_time": 0.01836305618286133, "grad_norm": 2.9801523900032043, "loss": 1.8479033136367797, "loss_cls": 0.8122444117069244, "loss_bbox": 1.0316027420759202, "loss_dir": 0.004056149269454181, "time": 0.3098003578186035, "epoch": 15, "iter": 60, "memory": 3899, "step": 60}
{"lr": 0.0027825862154516484, "data_time": 0.018515400886535645, "grad_norm": 2.8337675952911376, "loss": 1.8195935153961182, "loss_cls": 0.8029560720920563, "loss_bbox": 1.0144538348913192, "loss_dir": 0.0021836017852183433, "time": 0.31008329868316653, "epoch": 16, "iter": 64, "memory": 3910, "step": 64}
{"lr": 0.0016996631200166654, "data_time": 0.01853848934173584, "grad_norm": 2.648538167476654, "loss": 1.78820289850235, "loss_cls": 0.7988278639316558, "loss_bbox": 0.9877342182397842, "loss_dir": 0.0016408056218642742, "time": 0.31154062271118166, "epoch": 17, "iter": 68, "memory": 3962, "step": 68}
{"lr": 0.0008409175922360808, "data_time": 0.019151077270507813, "grad_norm": 2.429035565853119, "loss": 1.7612861180305481, "loss_cls": 0.7942129838466644, "loss_bbox": 0.9655810743570328, "loss_dir": 0.001492053804686293, "time": 0.3122770023345947, "epoch": 18, "iter": 72, "memory": 3842, "step": 72}
{"lr": 0.0002648717206840543, "data_time": 0.019080071449279784, "grad_norm": 2.3871877145767213, "loss": 1.7536464357376098, "loss_cls": 0.7938251376152039, "loss_bbox": 0.9583905524015427, "loss_dir": 0.0014307340211234987, "time": 0.31217963695526124, "epoch": 19, "iter": 76, "memory": 3893, "step": 76}
