{"lr": 1.024035333367499e-07, "data_time": 0.16385076999664305, "grad_norm": 1.1553254306316376, "loss": 0.476587655544281, "loss_cls": 0.266932133436203, "loss_bbox": 0.20965551272034644, "loss_dir": 1.2505164409953861e-08, "time": 0.5004488563537598, "epoch": 121, "iter": 10730, "memory": 4774, "step": 10730}
