{"lr": 0.0011937684892050597, "data_time": 0.6111741662025452, "grad_norm": 11.641072034835815, "loss": 2.9924263954162598, "loss_cls": 1.0715229213237762, "loss_bbox": 1.8140088319778442, "loss_dir": 0.10689450800418854, "time": 0.9907239079475403, "epoch": 1, "iter": 4, "memory": 3910, "step": 4}
{"lr": 0.0020214529598676836, "data_time": 0.3139550983905792, "grad_norm": 9.45612621307373, "loss": 2.7597636580467224, "loss_cls": 1.0424930825829506, "loss_bbox": 1.6334493905305862, "loss_dir": 0.08382110204547644, "time": 0.6494091153144836, "epoch": 2, "iter": 8, "memory": 3909, "step": 8}
{"lr": 0.00337871468428301, "data_time": 0.2150974671045939, "grad_norm": 8.259286006291708, "loss": 2.5495793223381042, "loss_cls": 1.009272908171018, "loss_bbox": 1.4748327036698659, "loss_dir": 0.06547365648051102, "time": 0.5357381502787272, "epoch": 3, "iter": 12, "memory": 3841, "step": 12}
{"lr": 0.0050589228685169775, "data_time": 0.16549497842788696, "grad_norm": 7.645499140024185, "loss": 2.4402490705251694, "loss_cls": 0.9744138121604919, "loss_bbox": 1.4131436757743359, "loss_dir": 0.05269152199616656, "time": 0.4789062887430191, "epoch": 4, "iter": 16, "memory": 3860, "step": 16}
{"lr": 0.006806281047645081, "data_time": 0.13562706708908082, "grad_norm": 6.9912478685379025, "loss": 2.3159998297691344, "loss_cls": 0.9381538361310959, "loss_bbox": 1.3345872223377229, "loss_dir": 0.04325872934423387, "time": 0.4448811888694763, "epoch": 5, "iter": 20, "memory": 3909, "step": 20}
{"lr": 0.008354769778736405, "data_time": 0.11581983168919881, "grad_norm": 6.395042717456818, "loss": 2.2257801493008933, "loss_cls": 0.9207576637466749, "loss_bbox": 1.2685223718484242, "loss_dir": 0.03650007748122638, "time": 0.42142526308695477, "epoch": 6, "iter": 24, "memory": 3780, "step": 24}
{"lr": 0.009468645689567599, "data_time": 0.10174269335610527, "grad_norm": 5.922511624438422, "loss": 2.1643338246004924, "loss_cls": 0.9048565008810588, "loss_bbox": 1.2277169397899084, "loss_dir": 0.03176035951556904, "time": 0.40486133098602295, "epoch": 7, "iter": 28, "memory": 3833, "step": 28}
{"lr": 0.009978331270024886, "data_time": 0.09101399779319763, "grad_norm": 5.641012419015169, "loss": 2.132271785289049, "loss_cls": 0.8912359718233347, "loss_bbox": 1.2130154371261597, "loss_dir": 0.02802035895001609, "time": 0.3948412835597992, "epoch": 8, "iter": 32, "memory": 3942, "step": 32}
{"lr": 0.009882466812062264, "data_time": 0.08270200755861071, "grad_norm": 5.271387176381217, "loss": 2.0854810807440014, "loss_cls": 0.8796901586982939, "loss_bbox": 1.180654709537824, "loss_dir": 0.025136197338320523, "time": 0.3850429389211867, "epoch": 9, "iter": 36, "memory": 3870, "step": 36}
{"lr": 0.00946381745240965, "data_time": 0.07613462209701538, "grad_norm": 5.044817462563515, "loss": 2.0797356963157654, "loss_cls": 0.879042761027813, "loss_bbox": 1.1779410153627397, "loss_dir": 0.022751907365454828, "time": 0.3772974967956543, "epoch": 10, "iter": 40, "memory": 3856, "step": 40}
{"lr": 0.008740231373530553, "data_time": 0.07069896567951549, "grad_norm": 4.828927180983803, "loss": 2.0709180506792935, "loss_cls": 0.873122828927907, "loss_bbox": 1.1768554747104645, "loss_dir": 0.020939734270954927, "time": 0.37112789262424817, "epoch": 11, "iter": 44, "memory": 3874, "step": 44}
{"lr": 0.007761019770918047, "data_time": 0.0661782572666804, "grad_norm": 4.6155326416095095, "loss": 2.0746104593078294, "loss_cls": 0.8705800225337347, "loss_bbox": 1.1845830380916595, "loss_dir": 0.019447387376809882, "time": 0.3661433905363083, "epoch": 12, "iter": 48, "memory": 3920, "step": 48}
{"lr": 0.006592914297066485, "data_time": 0.015937438011169435, "grad_norm": 4.025511422157288, "loss": 2.0010840606689455, "loss_cls": 0.8584584724903107, "loss_bbox": 1.1287309455871581, "loss_dir": 0.013894637200282887, "time": 0.30712859153747557, "epoch": 13, "iter": 52, "memory": 3880, "step": 52}
{"lr": 0.005315519409633289, "data_time": 0.015978345870971678, "grad_norm": 3.569044728279114, "loss": 1.9470531678199767, "loss_cls": 0.8408370769023895, "loss_bbox": 1.0983152437210082, "loss_dir": 0.007900848382851109, "time": 0.30719300746917727, "epoch": 14, "iter": 56, "memory": 3876, "step": 56}
{"lr": 0.004015887459202164, "data_time": 0.015962347984313965, "grad_norm": 3.2851153564453126, "loss": 1.9257413387298583, "loss_cls": 0.8242726504802704, "loss_bbox": 1.0969813001155853, "loss_dir": 0.004487388432025909, "time": 0.3070425701141357, "epoch": 15, "iter": 60, "memory": 3897, "step": 60}
