{"lr": 0.001325413220526355, "data_time": 0.06433862294906224, "grad_norm": 6.695442456465501, "loss": 2.230184717056079, "loss_cls": 0.92391965786616, "loss_bbox": 1.2792188739165282, "loss_dir": 0.02704620966090797, "time": 0.40549683570861816, "epoch": 1, "iter": 39, "memory": 4037, "step": 39}
{"lr": 0.0022861413123298965, "data_time": 0.0043651342391967775, "grad_norm": 5.418897414207459, "loss": 1.79272203207016, "loss_cls": 0.8157729995250702, "loss_bbox": 0.9751904606819153, "loss_dir": 0.0017585679219337181, "time": 0.33419080257415773, "epoch": 2, "iter": 78, "memory": 4039, "step": 78}
