{"lr": 1.024035333367499e-07, "data_time": 0.14166172981262207, "grad_norm": 1.1181135094165802, "loss": 0.47792106986045835, "loss_cls": 0.26477004766464235, "loss_bbox": 0.2131510092318058, "loss_dir": 1.4138364423516015e-08, "time": 0.4854500150680542, "epoch": 121, "iter": 10730, "memory": 4721, "step": 10730}
