{"lr": 0.001325413220526355, "data_time": 0.06356112162272136, "grad_norm": 6.695098357322888, "loss": 2.2291459028537455, "loss_cls": 0.9229891651715988, "loss_bbox": 1.2750609073883448, "loss_dir": 0.0310958130344844, "time": 0.40730933654002655, "epoch": 1, "iter": 39, "memory": 4036, "step": 39}
{"lr": 0.0022861413123298965, "data_time": 0.004091696739196777, "grad_norm": 5.120996646881103, "loss": 1.853652799129486, "loss_cls": 0.8201335048675538, "loss_bbox": 1.0311571967601776, "loss_dir": 0.002362085570348427, "time": 0.3382305908203125, "epoch": 2, "iter": 78, "memory": 4024, "step": 78}
