{"lr": 0.001005146091484126, "data_time": 0.16445996822454992, "grad_norm": 15.532093463799892, "loss": 2.8286688205523367, "loss_cls": 0.9729771140294198, "loss_bbox": 1.8237181168336134, "loss_dir": 0.0319735725911764, "time": 0.3667700474078839, "epoch": 1, "iter": 39, "memory": 2484, "step": 39}
{"Minerva/AP40(3d metric)": 0.0, "data_time": 0.0068711042404174805, "time": 0.15282392501831055, "step": 1}
{"lr": 0.0010211171152823325, "data_time": 0.002990212440490723, "grad_norm": 10.443267984390259, "loss": 2.0341402888298035, "loss_cls": 0.7957388162612915, "loss_bbox": 1.2331682276725768, "loss_dir": 0.0052332444238709286, "time": 0.19751356601715087, "epoch": 2, "iter": 78, "memory": 2494, "step": 78}
{"Minerva/AP40(3d metric)": 0.0, "data_time": 0.00279484854804145, "time": 0.14890268113878039, "step": 2}
{"lr": 0.0010478781602536284, "data_time": 0.0036361122131347654, "grad_norm": 11.948372707366943, "loss": 1.6541856479644776, "loss_cls": 0.6392565006017685, "loss_bbox": 1.01412611246109, "loss_dir": 0.0008030272775795311, "time": 0.19806211471557617, "epoch": 3, "iter": 117, "memory": 2445, "step": 117}
{"Minerva/AP40(3d metric)": 0.0, "data_time": 0.0025602711571587455, "time": 0.14264554447597927, "step": 3}
{"lr": 0.0010853647566966933, "data_time": 0.0027901506423950195, "grad_norm": 12.877020492553712, "loss": 1.4005523812770844, "loss_cls": 0.5561117273569107, "loss_bbox": 0.8440210556983948, "loss_dir": 0.0004195915927994065, "time": 0.1983046007156372, "epoch": 4, "iter": 156, "memory": 2444, "step": 156}
{"Minerva/AP40(3d metric)": 0.0, "data_time": 0.0025783909691704642, "time": 0.14307128058539498, "step": 4}
{"lr": 0.0011334865961172627, "data_time": 0.002993621826171875, "grad_norm": 12.2137140750885, "loss": 1.3344187366962432, "loss_cls": 0.5353926277160644, "loss_bbox": 0.7986424165964127, "loss_dir": 0.0003836827920167707, "time": 0.19790428638458252, "epoch": 5, "iter": 195, "memory": 2435, "step": 195}
{"Minerva/AP40(3d metric)": 0.0, "data_time": 0.0024764802720811632, "time": 0.14315901862250435, "step": 5}
{"lr": 0.0011921277487891777, "data_time": 0.0026700162887573244, "grad_norm": 12.54657618522644, "loss": 1.228253231048584, "loss_cls": 0.5030624139308929, "loss_bbox": 0.724822667837143, "loss_dir": 0.0003681505360873416, "time": 0.1982768440246582, "epoch": 6, "iter": 234, "memory": 2496, "step": 234}
{"Minerva/AP40(3d metric)": 0.0, "data_time": 0.0024681356218126086, "time": 0.14341272248162162, "step": 6}
{"lr": 0.0012611469430393128, "data_time": 0.0029582786560058594, "grad_norm": 11.42964979171753, "loss": 1.0919612264633178, "loss_cls": 0.45959071815013885, "loss_bbox": 0.6320948076248168, "loss_dir": 0.00027571034006541596, "time": 0.20015674114227294, "epoch": 7, "iter": 273, "memory": 2467, "step": 273}
{"Minerva/AP40(3d metric)": 0.0, "data_time": 0.002597332000732422, "time": 0.14305599530537924, "step": 7}
{"lr": 0.0013403779055833395, "data_time": 0.002803764343261719, "grad_norm": 11.712234935760499, "loss": 1.0061864531040192, "loss_cls": 0.4258279514312744, "loss_bbox": 0.5801025450229644, "loss_dir": 0.000255950351638603, "time": 0.19833812713623047, "epoch": 8, "iter": 312, "memory": 2452, "step": 312}
{"Minerva/AP40(3d metric)": 0.0, "data_time": 0.0025764041476779515, "time": 0.1430931356218126, "step": 8}
{"lr": 0.0014296297620926737, "data_time": 0.002881803512573242, "grad_norm": 11.451617641448975, "loss": 1.002662055492401, "loss_cls": 0.39644494116306306, "loss_bbox": 0.6060468351840973, "loss_dir": 0.0001702786886744434, "time": 0.1989150810241699, "epoch": 9, "iter": 351, "memory": 2440, "step": 351}
{"Minerva/AP40(3d metric)": 0.0, "data_time": 0.0024615393744574655, "time": 0.14342406060960558, "step": 9}
{"lr": 0.0015286874970274634, "data_time": 0.0028034591674804686, "grad_norm": 12.372854108810424, "loss": 0.9155118596553803, "loss_cls": 0.3673950129747391, "loss_bbox": 0.5457446560263634, "loss_dir": 0.0023721820861828747, "time": 0.19850613594055175, "epoch": 10, "iter": 390, "memory": 2414, "step": 390}
{"Minerva/AP40(3d metric)": 0.0, "data_time": 0.002551820543077257, "time": 0.14396871460808647, "step": 10}
{"lr": 0.0016373124716278064, "data_time": 0.002910757064819336, "grad_norm": 10.751972751617432, "loss": 0.8674515748023987, "loss_cls": 0.34307396054267886, "loss_bbox": 0.5241108852624893, "loss_dir": 0.0002667361310159322, "time": 0.19928182601928712, "epoch": 11, "iter": 429, "memory": 2435, "step": 429}
{"Minerva/AP40(3d metric)": 0.0, "data_time": 0.0025555292765299478, "time": 0.14429561297098795, "step": 11}
{"lr": 0.0017552429988154615, "data_time": 0.0030587053298950194, "grad_norm": 11.484151592254639, "loss": 0.8987602466344833, "loss_cls": 0.32112507671117785, "loss_bbox": 0.577413415312767, "loss_dir": 0.00022175712161697446, "time": 0.20022141933441162, "epoch": 12, "iter": 468, "memory": 2435, "step": 468}
{"Minerva/AP40(3d metric)": 0.0, "data_time": 0.0025822056664360892, "time": 0.14476940366956922, "step": 12}
{"lr": 0.001882194973620941, "data_time": 0.002649846076965332, "grad_norm": 9.982391548156738, "loss": 0.7725790446996689, "loss_cls": 0.30490871995687485, "loss_bbox": 0.46753773927688597, "loss_dir": 0.00013258907150884625, "time": 0.19874258518218993, "epoch": 13, "iter": 507, "memory": 2459, "step": 507}
{"Minerva/AP40(3d metric)": 0.0, "data_time": 0.0029005209604899087, "time": 0.14597415924072266, "step": 13}
{"lr": 0.002017862557617267, "data_time": 0.0031226778030395506, "grad_norm": 10.345317497253419, "loss": 0.7674797940254211, "loss_cls": 0.2869294282793999, "loss_bbox": 0.4804716336727142, "loss_dir": 7.873697180912132e-05, "time": 0.1997504472732544, "epoch": 14, "iter": 546, "memory": 2485, "step": 546}
{"Minerva/AP40(3d metric)": 0.0, "data_time": 0.0025533570183648, "time": 0.1452269819047716, "step": 14}
{"lr": 0.002161918915711507, "data_time": 0.002953500747680664, "grad_norm": 10.981340360641479, "loss": 0.7970774626731872, "loss_cls": 0.29032620787620544, "loss_bbox": 0.5066581210494041, "loss_dir": 9.313553982792655e-05, "time": 0.2000059700012207, "epoch": 15, "iter": 585, "memory": 2493, "step": 585}
{"Minerva/AP40(3d metric)": 0.0, "data_time": 0.0029798878563774955, "time": 0.14680176311069065, "step": 15}
{"lr": 0.0023140170035191735, "data_time": 0.003644247055053711, "grad_norm": 9.927877206802368, "loss": 0.8108356493711472, "loss_cls": 0.28464811354875563, "loss_bbox": 0.5260863739252091, "loss_dir": 0.00010116304099938133, "time": 0.20065014839172363, "epoch": 16, "iter": 624, "memory": 2399, "step": 624}
{"Minerva/AP40(3d metric)": 0.0, "data_time": 0.0032779110802544486, "time": 0.14728999137878418, "step": 16}
{"lr": 0.002473790403424515, "data_time": 0.0029909801483154297, "grad_norm": 9.233105506896973, "loss": 0.7543909078836442, "loss_cls": 0.2704020835459232, "loss_bbox": 0.4839055705070496, "loss_dir": 8.325865914230235e-05, "time": 0.19963202953338624, "epoch": 17, "iter": 663, "memory": 2450, "step": 663}
{"Minerva/AP40(3d metric)": 0.0, "data_time": 0.0029246542188856336, "time": 0.14674462212456596, "step": 17}
{"lr": 0.0026408542073126633, "data_time": 0.003080449104309082, "grad_norm": 10.788728475570679, "loss": 0.7633889937400817, "loss_cls": 0.2615318930149078, "loss_bbox": 0.5018021610379219, "loss_dir": 5.493898691383947e-05, "time": 0.19948147296905516, "epoch": 18, "iter": 702, "memory": 2438, "step": 702}
{"Minerva/AP40(3d metric)": 0.0, "data_time": 0.0026092264387342664, "time": 0.1455395221710205, "step": 18}
{"lr": 0.0028148059438469876, "data_time": 0.0029367494583129885, "grad_norm": 9.170235753059387, "loss": 0.7044362854957581, "loss_cls": 0.22922673881053923, "loss_bbox": 0.475154949426651, "loss_dir": 5.4591730313404694e-05, "time": 0.19949793338775634, "epoch": 19, "iter": 741, "memory": 2437, "step": 741}
{"Minerva/AP40(3d metric)": 0.0, "data_time": 0.0027005142635769313, "time": 0.14599908722771537, "step": 19}
{"lr": 0.0029952265480578067,