{"lr": 0.0011937684892050597, "data_time": 0.609801709651947, "grad_norm": 11.766603946685791, "loss": 3.1861138939857483, "loss_cls": 1.0821669101715088, "loss_bbox": 1.996075689792633, "loss_dir": 0.107871288433671, "time": 0.9706161618232727, "epoch": 1, "iter": 4, "memory": 3869, "step": 4}
{"lr": 0.0020214529598676836, "data_time": 0.3133718967437744, "grad_norm": 9.47895336151123, "loss": 2.8457495868206024, "loss_cls": 1.0539990440011024, "loss_bbox": 1.7087008506059647, "loss_dir": 0.08304967451840639, "time": 0.6505901217460632, "epoch": 2, "iter": 8, "memory": 3918, "step": 8}
