{"lr": 0.007010670302049719, "data_time": 0.06943763830722907, "grad_norm": 6.111525737322294, "loss": 2.259361221240117, "loss_cls": 0.9104891602809613, "loss_bbox": 1.3218725996139722, "loss_dir": 0.026999446500737507, "time": 0.41286871983454776, "epoch": 1, "iter": 39, "memory": 4023, "step": 39}
{"lr": 0.009369117542444629, "data_time": 0.005011177062988282, "grad_norm": 3.2450740146636963, "loss": 1.984307780265808, "loss_cls": 0.8288359045982361, "loss_bbox": 1.1530911016464234, "loss_dir": 0.0023807719000615178, "time": 0.3379454565048218, "epoch": 2, "iter": 78, "memory": 3977, "step": 78}
{"lr": 0.003799233890010394, "data_time": 0.006082544326782227, "grad_norm": 2.7477148282527923, "loss": 1.943182466030121, "loss_cls": 0.8465666353702546, "loss_bbox": 1.093442610502243, "loss_dir": 0.003173210995737463, "time": 0.34256950855255125, "epoch": 3, "iter": 117, "memory": 3966, "step": 117}
{"lr": 1.112712105930498e-06, "data_time": 0.004724798202514649, "grad_norm": 2.474790937900543, "loss": 1.828774836063385, "loss_cls": 0.828883364200592, "loss_bbox": 0.9976611828804016, "loss_dir": 0.002230308309663087, "time": 0.3391905832290649, "epoch": 4, "iter": 156, "memory": 3978, "step": 156}
