{"lr": 1.024035333367499e-07, "data_time": 0.1628896999359131, "grad_norm": 1.0944849646091461, "loss": 0.4682219070196152, "loss_cls": 0.25897496432065964, "loss_bbox": 0.2092469346523285, "loss_dir": 1.3012291362191064e-08, "time": 0.5010698318481446, "epoch": 121, "iter": 10730, "memory": 4841, "step": 10730}
{"Minerva/AP40(3d metric)": 0.9749999999999994, "Minerva/AP40 (3d metric)": 0.2225609756097561, "Minerva/Loss_cls": 0.28377480464322224, "Minerva/Loss_bbox": 0.22888544616954667, "Minerva/Loss_dir": 4.000283517134408e-10, "Minerva/Loss_general": 0.5126602512127972, "data_time": 0.0022757980558607313, "time": 0.21739525927437675, "step": 121}
