{"lr": 1.024035333367499e-07, "data_time": 0.17651177883148195, "grad_norm": 1.1753737676143645, "loss": 0.5045030468702316, "loss_cls": 0.273531990647316, "loss_bbox": 0.2275090616941452, "loss_dir": 0.0034619988527645395, "time": 0.5158473491668701, "epoch": 121, "iter": 10730, "memory": 4750, "step": 10730}
{"lr": 1.024035333367499e-07, "data_time": 0.003061518669128418, "grad_norm": 1.107711559534073, "loss": 0.46530812919139863, "loss_cls": 0.26434108763933184, "loss_bbox": 0.20096702069044114, "loss_dir": 1.8273921935652026e-08, "time": 0.33627311706542967, "epoch": 122, "iter": 10819, "memory": 4806, "step": 10819}
{"lr": 1.024035333367499e-07, "data_time": 0.003543362617492676, "grad_norm": 1.1616314733028412, "loss": 0.4661549091339111, "loss_cls": 0.26332772940397264, "loss_bbox": 0.20282716870307924, "loss_dir": 1.465269108977263e-08, "time": 0.34259661674499514, "epoch": 123, "iter": 10908, "memory": 4775, "step": 10908}
{"lr": 1.024035333367499e-07, "data_time": 0.0032851839065551757, "grad_norm": 1.1993389511108399, "loss": 0.4829452836513519, "loss_cls": 0.26786439806222917, "loss_bbox": 0.2150808721780777, "loss_dir": 1.643774503651274e-08, "time": 0.3397411823272705, "epoch": 124, "iter": 10997, "memory": 4803, "step": 10997}
{"lr": 1.024035333367499e-07, "data_time": 0.0030833387374877928, "grad_norm": 1.1755163776874542, "loss": 0.5150809729099274, "loss_cls": 0.27939159542322156, "loss_bbox": 0.22986980140209198, "loss_dir": 0.005819578905825733, "time": 0.3397298097610474, "epoch": 125, "iter": 11086, "memory": 4775, "step": 11086}
{"lr": 1.024035333367499e-07, "data_time": 0.005029988288879394, "grad_norm": 1.1628108495473861, "loss": 0.48837269842624664, "loss_cls": 0.26751322358846663, "loss_bbox": 0.22085946694016456, "loss_dir": 1.1632952480467029e-08, "time": 0.3432960319519043, "epoch": 126, "iter": 11175, "memory": 4813, "step": 11175}
{"lr": 1.024035333367499e-07, "data_time": 0.0029365682601928712, "grad_norm": 1.1139565742015838, "loss": 0.4786783403158188, "loss_cls": 0.2620508736371994, "loss_bbox": 0.21662745416164397, "loss_dir": 1.412710046416743e-08, "time": 0.3425422620773315, "epoch": 127, "iter": 11264, "memory": 4791, "step": 11264}
{"lr": 1.024035333367499e-07, "data_time": 0.0030617904663085937, "grad_norm": 1.1327849328517914, "loss": 0.47235005676746367, "loss_cls": 0.2628948539495468, "loss_bbox": 0.20945519357919692, "loss_dir": 1.4954547771645065e-08, "time": 0.3410024070739746, "epoch": 128, "iter": 11353, "memory": 4771, "step": 11353}
