{"lr": 1.024035333367499e-07, "data_time": 0.15409549236297607, "grad_norm": 1.2121977865695954, "loss": 0.48074333131313324, "loss_cls": 0.26352638751268387, "loss_bbox": 0.21721693009138107, "loss_dir": 1.7583019339684202e-08, "time": 0.4911955833435059, "epoch": 121, "iter": 10730, "memory": 4779, "step": 10730}
