{"lr": 7.141144492452661e-06, "data_time": 0.06990337983155862, "grad_norm": 6.510269305644891, "loss": 2.4214604787337475, "loss_cls": 0.8984182385297922, "loss_bbox": 1.5052039883075616, "loss_dir": 0.017838266636364352, "time": 0.41181291066683257, "epoch": 1, "iter": 39, "memory": 4056, "step": 39}
