{"lr": 1.024035333367499e-07, "data_time": 0.1746835994720459, "grad_norm": 1.2169150245189666, "loss": 0.4775492799282074, "loss_cls": 0.2622931063175201, "loss_bbox": 0.21525615632534026, "loss_dir": 2.2354049726835966e-08, "time": 0.516465311050415, "epoch": 121, "iter": 10730, "memory": 4770, "step": 10730}
