{"lr": 0.0011937684892050597, "data_time": 0.616223156452179, "grad_norm": 10.743197917938232, "loss": 3.0285707116127014, "loss_cls": 1.0838434994220734, "loss_bbox": 1.8328560292720795, "loss_dir": 0.11187120713293552, "time": 0.9877796769142151, "epoch": 1, "iter": 4, "memory": 3823, "step": 4}
{"lr": 0.0020214529598676836, "data_time": 0.3165513277053833, "grad_norm": 8.610818207263947, "loss": 2.846840977668762, "loss_cls": 1.0567122995853424, "loss_bbox": 1.7009362131357193, "loss_dir": 0.0891924905590713, "time": 0.6528200805187225, "epoch": 2, "iter": 8, "memory": 3911, "step": 8}
