{"lr": 0.0010116811055174008, "data_time": 0.15780333042144776, "grad_norm": 11.881709651947022, "loss": 2.8632944869995116, "loss_cls": 0.9434953558444977, "loss_bbox": 1.8948889780044555, "loss_dir": 0.024910162021405995, "time": 0.49546141624450685, "epoch": 1, "iter": 50, "memory": 4770, "step": 50}
