{"lr": 0.001325413220526355, "data_time": 0.06387491103930351, "grad_norm": 7.789979659594023, "loss": 2.287691516753955, "loss_cls": 0.9219546944667132, "loss_bbox": 1.3366650342941284, "loss_dir": 0.02907178777222259, "time": 0.4060225425622402, "epoch": 1, "iter": 39, "memory": 3984, "step": 39}
{"lr": 0.0022861413123298965, "data_time": 0.00432368278503418, "grad_norm": 5.2395153951644895, "loss": 1.8478698635101318, "loss_cls": 0.8248761570453644, "loss_bbox": 1.0202833998203278, "loss_dir": 0.0027102958236355336, "time": 0.3389046049118042, "epoch": 2, "iter": 78, "memory": 3987, "step": 78}
