{"lr": 1.024035333367499e-07, "data_time": 0.1810126209259033, "grad_norm": 1.1695380747318267, "loss": 0.4616445416212082, "loss_cls": 0.25849836468696596, "loss_bbox": 0.20314616799354554, "loss_dir": 1.228911974099356e-08, "time": 0.5223477220535279, "epoch": 121, "iter": 10730, "memory": 4834, "step": 10730}
{"Minerva/AP40(3d metric)": 0.9749999999999994, "Minerva/AP40 (3d metric)": 0.20884146341463414, "Minerva/Loss_cls": 0.28377480464322224, "Minerva/Loss_bbox": 0.22888544616954667, "Minerva/Loss_dir": 4.000283517134408e-10, "Minerva/Loss_general": 0.5126602512127972, "data_time": 0.0021410187085469565, "time": 0.2185135947333442, "step": 121}
{"lr": 1.024035333367499e-07, "data_time": 0.002842426300048828, "grad_norm": 1.1547244715690612, "loss": 0.47975643813610075, "loss_cls": 0.27485354721546174, "loss_bbox": 0.20490288272500037, "loss_dir": 1.0127890144179253e-08, "time": 0.33824939250946046, "epoch": 122, "iter": 10819, "memory": 4803, "step": 10819}
{"Minerva/AP40(3d metric)": 0.9749999999999994, "Minerva/AP40 (3d metric)": 0.2225609756097561, "Minerva/Loss_cls": 0.28377480464322224, "Minerva/Loss_bbox": 0.22888544616954667, "Minerva/Loss_dir": 4.000283517134408e-10, "Minerva/Loss_general": 0.5126602512127972, "data_time": 0.0013928280936347113, "time": 0.22334838575787014, "step": 122}
{"lr": 1.024035333367499e-07, "data_time": 0.0031307172775268555, "grad_norm": 1.2391200685501098, "loss": 0.4683878242969513, "loss_cls": 0.26003015249967576, "loss_bbox": 0.20835765525698663, "loss_dir": 1.6207414192531688e-08, "time": 0.3400897121429443, "epoch": 123, "iter": 10908, "memory": 4788, "step": 10908}
{"Minerva/AP40(3d metric)": 0.9749999999999994, "Minerva/AP40 (3d metric)": 0.21265243902439024, "Minerva/Loss_cls": 0.28377480464322224, "Minerva/Loss_bbox": 0.22888544616954667, "Minerva/Loss_dir": 4.000283517134408e-10, "Minerva/Loss_general": 0.5126602512127972, "data_time": 0.0011121895578172472, "time": 0.22082850668165419, "step": 123}
