{"lr": 0.0011937684892050597, "data_time": 0.6280349493026733, "grad_norm": 13.765745401382446, "loss": 3.164676547050476, "loss_cls": 1.0935052335262299, "loss_bbox": 1.9640386998653412, "loss_dir": 0.10713262669742107, "time": 1.002626359462738, "epoch": 1, "iter": 4, "memory": 3829, "step": 4}
{"lr": 0.0020214529598676836, "data_time": 0.32332053780555725, "grad_norm": 58.70524102449417, "loss": 2.9270325899124146, "loss_cls": 1.0530290305614471, "loss_bbox": 1.7916601747274399, "loss_dir": 0.08234337391331792, "time": 0.667341560125351, "epoch": 2, "iter": 8, "memory": 3940, "step": 8}
{"lr": 0.00337871468428301, "data_time": 0.22101213534673056, "grad_norm": 41.3049588004748, "loss": 2.684341530005137, "loss_cls": 1.0078892161448796, "loss_bbox": 1.6131474326054256, "loss_dir": 0.0633048905680577, "time": 0.5484192172686259, "epoch": 3, "iter": 12, "memory": 3906, "step": 12}
{"lr": 0.0050589228685169775, "data_time": 0.16997186839580536, "grad_norm": 32.33812811970711, "loss": 2.5563142895698547, "loss_cls": 0.9667928740382195, "loss_bbox": 1.5394259952008724, "loss_dir": 0.05009541389881633, "time": 0.4887591451406479, "epoch": 4, "iter": 16, "memory": 3931, "step": 16}
{"lr": 0.006806281047645081, "data_time": 0.1391351580619812, "grad_norm": 27.102944827079774, "loss": 2.4672501742839814, "loss_cls": 0.933729550242424, "loss_bbox": 1.4927323669195176, "loss_dir": 0.04078825409524143, "time": 0.45333160161972047, "epoch": 5, "iter": 20, "memory": 3937, "step": 20}
{"lr": 0.008354769778736405, "data_time": 0.11879016955693562, "grad_norm": 23.476564447085064, "loss": 2.392937665184339, "loss_cls": 0.9108643730481466, "loss_bbox": 1.4476720963915188, "loss_dir": 0.03440119325144527, "time": 0.42919203639030457, "epoch": 6, "iter": 24, "memory": 3804, "step": 24}
{"lr": 0.009468645689567599, "data_time": 0.1043790238244193, "grad_norm": 20.738259289945876, "loss": 2.328475539173399, "loss_cls": 0.8950188053505761, "loss_bbox": 1.4036732805626733, "loss_dir": 0.029783439818337292, "time": 0.4123843312263489, "epoch": 7, "iter": 28, "memory": 3869, "step": 28}
{"lr": 0.009978331270024886, "data_time": 0.09346657991409302, "grad_norm": 18.597756803035736, "loss": 2.312900323420763, "loss_cls": 0.8845911547541618, "loss_bbox": 1.4020094405859709, "loss_dir": 0.026299726981960703, "time": 0.39922867715358734, "epoch": 8, "iter": 32, "memory": 3861, "step": 32}
{"lr": 0.009882466812062264, "data_time": 0.0849862429830763, "grad_norm": 16.962036583158707, "loss": 2.2883607844511666, "loss_cls": 0.8763332317272822, "loss_bbox": 1.3884418805440266, "loss_dir": 0.023585669162760798, "time": 0.38914802339341903, "epoch": 9, "iter": 36, "memory": 3817, "step": 36}
{"lr": 0.00946381745240965, "data_time": 0.07822807431221009, "grad_norm": 15.536635684967042, "loss": 2.2288969814777375, "loss_cls": 0.8680551514029503, "loss_bbox": 1.3394044682383537, "loss_dir": 0.0214373579074163, "time": 0.38192136883735656, "epoch": 10, "iter": 40, "memory": 3876, "step": 40}
{"lr": 0.008740231373530553, "data_time": 0.0728787129575556, "grad_norm": 14.365389574657787, "loss": 2.1917053217237648, "loss_cls": 0.8602550287138332, "loss_bbox": 1.3117477297782898, "loss_dir": 0.019702562641627577, "time": 0.3761241002516313, "epoch": 11, "iter": 44, "memory": 3880, "step": 44}
{"lr": 0.007761019770918047, "data_time": 0.06883937617142995, "grad_norm": 13.45051867266496, "loss": 2.1805793593327203, "loss_cls": 0.8571986171106497, "loss_bbox": 1.3051007588704426, "loss_dir": 0.018279982094099978, "time": 0.3733096569776535, "epoch": 12, "iter": 48, "memory": 3956, "step": 48}
{"lr": 0.006592914297066485, "data_time": 0.017340173721313478, "grad_norm": 12.426275460720062, "loss": 2.096375012397766, "loss_cls": 0.8400974321365356, "loss_bbox": 1.2435431706905364, "loss_dir": 0.012734410335542633, "time": 0.3138126850128174, "epoch": 13, "iter": 52, "memory": 3853, "step": 52}
{"lr": 0.005315519409633289, "data_time": 0.017135357856750487, "grad_norm": 11.898504662513734, "loss": 2.007622561454773, "loss_cls": 0.8193648469448089, "loss_bbox": 1.1814137780666352, "loss_dir": 0.006843939333921298, "time": 0.31214481830596924, "epoch": 14, "iter": 56, "memory": 3923, "step": 56}
{"lr": 0.004015887459202164, "data_time": 0.01727374076843262, "grad_norm": 3.7860518765449522, "loss": 1.9501853203773498, "loss_cls": 0.804514091014862, "loss_bbox": 1.141853997707367, "loss_dir": 0.0038172293815296144, "time": 0.3120421314239502, "epoch": 15, "iter": 60, "memory": 3845, "step": 60}
{"lr": 0.0027825862154516484, "data_time": 0.017245922088623047, "grad_norm": 3.5462464594841006, "loss": 1.929530255794525, "loss_cls": 0.7992040717601776, "loss_bbox": 1.1277008593082427, "loss_dir": 0.002625332010211423, "time": 0.3117219543457031, "epoch": 16, "iter": 64, "memory": 3839, "step": 64}
{"lr": 0.0016996631200166654, "data_time": 0.01735907554626465, "grad_norm": 3.376581847667694, "loss": 1.8984467577934265, "loss_cls": 0.7952155840396881, "loss_bbox": 1.1009568655490876, "loss_dir": 0.0022743183502461762, "time": 0.3120027303695679, "epoch": 17, "iter": 68, "memory": 3880, "step": 68}
{"lr": 0.0008409175922360808, "data_time": 0.017438478469848633, "grad_norm": 3.0768588471412657, "loss": 1.8802941536903381, "loss_cls": 0.7904307508468628, "loss_bbox": 1.0876159250736237, "loss_dir": 0.0022474873007740826, "time": 0.31241798400878906, "epoch": 18, "iter": 72, "memory": 3864, "step": 72}
{"lr": 0.0002648717206840543, "data_time": 0.017326531410217286, "grad_norm": 2.890584886074066, "loss": 1.855237147808075, "loss_cls": 0.7880495691299438, "loss_bbox": 1.0649203968048095, "loss_dir": 0.0022671951481606813, "time": 0.3125116682052612, "epoch": 19, "iter": 76, "memory": 3923, "step": 76}
