{"lr": 0.0011937684892050597, "data_time": 0.6049777269363403, "grad_norm": 10.985017895698547, "loss": 3.1411474347114563, "loss_cls": 1.101112961769104, "loss_bbox": 1.9245049953460693, "loss_dir": 0.11552950367331505, "time": 0.9836965799331665, "epoch": 1, "iter": 4, "memory": 3878, "step": 4}
{"lr": 0.0020214529598676836, "data_time": 0.31129753589630127, "grad_norm": 9.205198228359222, "loss": 2.7904651165008545, "loss_cls": 1.0512932911515236, "loss_bbox": 1.6514910757541656, "loss_dir": 0.08768077520653605, "time": 0.6466560959815979, "epoch": 2, "iter": 8, "memory": 3851, "step": 8}
