{"lr": 1.024035333367499e-07, "data_time": 0.06420343399047851, "grad_norm": 0.7235207241773606, "loss": 0.40841230392456057, "loss_cls": 0.2523126357793808, "loss_bbox": 0.1560996675491333, "loss_dir": 7.163865267667547e-10, "time": 0.39776670932769775, "epoch": 121, "iter": 10730, "memory": 4771, "step": 10730}
