{"lr": 0.0011937684892050597, "data_time": 0.7088125348091125, "grad_norm": 9.182827353477478, "loss": 2.8697139620780945, "loss_cls": 1.0911162197589874, "loss_bbox": 1.667940765619278, "loss_dir": 0.11065704934298992, "time": 1.2942829728126526, "epoch": 1, "iter": 4, "memory": 3935, "step": 4}
{"lr": 0.0020214529598676836, "data_time": 0.3640064299106598, "grad_norm": 7.672658324241638, "loss": 2.647623509168625, "loss_cls": 1.0540470108389854, "loss_bbox": 1.5080571174621582, "loss_dir": 0.08551946515217423, "time": 0.9232158362865448, "epoch": 2, "iter": 8, "memory": 3929, "step": 8}
