{"lr": 0.001325413220526355, "data_time": 0.07726086102999173, "grad_norm": 6.533749684309348, "loss": 2.307391493748396, "loss_cls": 0.9274053481908945, "loss_bbox": 1.3496337609413342, "loss_dir": 0.03035238102221718, "time": 0.7025324625846667, "epoch": 1, "iter": 39, "memory": 4063, "step": 39}
{"lr": 0.0022861413123298965, "data_time": 0.00541717529296875, "grad_norm": 4.6572860956192015, "loss": 1.8662739396095276, "loss_cls": 0.8379532980918885, "loss_bbox": 1.025579389333725, "loss_dir": 0.002741243018535897, "time": 0.6233379173278809, "epoch": 2, "iter": 78, "memory": 4040, "step": 78}
