{"lr": 0.0010116811055174008, "data_time": 0.17596761703491212, "grad_norm": 11.65234842300415, "loss": 2.793363580703735, "loss_cls": 0.952372750043869, "loss_bbox": 1.8194386649131775, "loss_dir": 0.021552182505838572, "time": 0.5166436386108398, "epoch": 1, "iter": 50, "memory": 4746, "step": 50}
{"Minerva/AP40 (3d metric)": 0.0, "Minerva/Loss_cls": 0.28377480464322224, "Minerva/Loss_bbox": 0.22888544616954667, "Minerva/Loss_dir": 4.000283517134408e-10, "Minerva/Loss_general": 0.5126602512127972, "data_time": 0.0024561541421072824, "time": 0.22678439276559012, "step": 1}
{"lr": 0.0010923733072916945, "data_time": 0.0031243562698364258, "grad_norm": 7.8582172775268555, "loss": 2.1843628025054933, "loss_cls": 0.8196183860301971, "loss_bbox": 1.3631244564056397, "loss_dir": 0.0016199388931272551, "time": 0.33924835205078124, "epoch": 2, "iter": 139, "memory": 4827, "step": 139}
{"Minerva/AP40 (3d metric)": 0.0, "Minerva/Loss_cls": 0.28377480464322224, "Minerva/Loss_bbox": 0.22888544616954667, "Minerva/Loss_dir": 4.000283517134408e-10, "Minerva/Loss_general": 0.5126602512127972, "data_time": 0.0010856456226772731, "time": 0.22047191858291626, "step": 2}
