{"lr": 1.024035333367499e-07, "data_time": 0.16903768062591554, "grad_norm": 1.0586410629749299, "loss": 0.468020014166832, "loss_cls": 0.2674010083079338, "loss_bbox": 0.2006189927458763, "loss_dir": 1.542588306965853e-08, "time": 0.5080506944656372, "epoch": 121, "iter": 10730, "memory": 4771, "step": 10730}
{"Minerva/AP40(3d metric)": 0.9749999999999994, "Minerva/AP40 (3d metric)": 0.23246951219512196, "Minerva/Loss_cls": 0.28377480464322224, "Minerva/Loss_bbox": 0.22888544616954667, "Minerva/Loss_dir": 4.000283517134408e-10, "Minerva/Loss_general": 0.5126602512127972, "data_time": 0.0021095474561055503, "time": 0.21741262409422132, "step": 121}
{"lr": 1.024035333367499e-07, "data_time": 0.0030818986892700195, "grad_norm": 1.2187655651569367, "loss": 0.47426433563232423, "loss_cls": 0.26134353786706926, "loss_bbox": 0.21292078569531442, "loss_dir": 1.3599563461197395e-08, "time": 0.33782549381256105, "epoch": 122, "iter": 10819, "memory": 4751, "step": 10819}
{"Minerva/AP40(3d metric)": 0.9749999999999994, "Minerva/AP40 (3d metric)": 0.21722560975609756, "Minerva/Loss_cls": 0.28377480464322224, "Minerva/Loss_bbox": 0.22888544616954667, "Minerva/Loss_dir": 4.000283517134408e-10, "Minerva/Loss_general": 0.5126602512127972, "data_time": 0.0011193354924519856, "time": 0.22039041254255506, "step": 122}
{"lr": 1.024035333367499e-07, "data_time": 0.003165302276611328, "grad_norm": 1.1862281990051269, "loss": 0.4772989767789841, "loss_cls": 0.2626317885518074, "loss_bbox": 0.21466717809438707, "loss_dir": 1.523007696083156e-08, "time": 0.3383810234069824, "epoch": 123, "iter": 10908, "memory": 4778, "step": 10908}
{"Minerva/AP40(3d metric)": 0.9749999999999994, "Minerva/AP40 (3d metric)": 0.2149390243902439, "Minerva/Loss_cls": 0.28377480464322224, "Minerva/Loss_bbox": 0.22888544616954667, "Minerva/Loss_dir": 4.000283517134408e-10, "Minerva/Loss_general": 0.5126602512127972, "data_time": 0.0011972586313883464, "time": 0.2208390103446113, "step": 123}
{"lr": 1.024035333367499e-07, "data_time": 0.003289937973022461, "grad_norm": 1.1450529563426972, "loss": 0.48819265186786653, "loss_cls": 0.26527874678373337, "loss_bbox": 0.22291389033198356, "loss_dir": 1.7998459378443244e-08, "time": 0.3380100107192993, "epoch": 124, "iter": 10997, "memory": 4765, "step": 10997}
{"Minerva/AP40(3d metric)": 0.9749999999999994, "Minerva/AP40 (3d metric)": 0.21570121951219512, "Minerva/Loss_cls": 0.28377480464322224, "Minerva/Loss_bbox": 0.22888544616954667, "Minerva/Loss_dir": 4.000283517134408e-10, "Minerva/Loss_general": 0.5126602512127972, "data_time": 0.0012769169277615016, "time": 0.2228733566072252, "step": 124}
{"lr": 1.024035333367499e-07, "data_time": 0.002992887496948242, "grad_norm": 1.1822845774888993, "loss": 0.4841577631235123, "loss_cls": 0.26719887018203736, "loss_bbox": 0.2169588813185692, "loss_dir": 1.31261602671906e-08, "time": 0.3392529630661011, "epoch": 125, "iter": 11086, "memory": 4804, "step": 11086}
