{"lr": 1.024035333367499e-07, "data_time": 0.15578248977661133, "grad_norm": 1.2313285374641418, "loss": 0.48173428773880006, "loss_cls": 0.2654914391040802, "loss_bbox": 0.21624283760786056, "loss_dir": 1.3865077275188043e-08, "time": 0.49354084968566897, "epoch": 121, "iter": 10730, "memory": 4767, "step": 10730}
