{"lr": 0.001005146091484126, "data_time": 0.15957327378101838, "grad_norm": 14.205910108028315, "loss": 2.563484231630961, "loss_cls": 0.9712541454877609, "loss_bbox": 1.5607854173733637, "loss_dir": 0.03144464103313975, "time": 0.36410189897586137, "epoch": 1, "iter": 39, "memory": 2445, "step": 39}
