{"lr": 1.024035333367499e-07, "data_time": 0.14470648765563965, "grad_norm": 1.1593554162979125, "loss": 0.4699967813491821, "loss_cls": 0.26146212965250015, "loss_bbox": 0.20440819427371026, "loss_dir": 0.004126462251389966, "time": 0.4823522233963013, "epoch": 121, "iter": 10730, "memory": 4821, "step": 10730}
