{"lr": 1.024035333367499e-07, "data_time": 0.13827115535736084, "grad_norm": 1.2352061545848847, "loss": 0.5012207388877868, "loss_cls": 0.27115738719701765, "loss_bbox": 0.2300633428990841, "loss_dir": 1.3773193890259661e-08, "time": 0.4748476314544678, "epoch": 121, "iter": 10730, "memory": 4740, "step": 10730}
{"Minerva/AP40(3d metric)": 0.9749999999999994, "Minerva/AP40 (3d metric)": 0.19285714285714287, "Minerva/Loss_cls": 0.28377480464322224, "Minerva/Loss_bbox": 0.22888544616954667, "Minerva/Loss_dir": 4.000283517134408e-10, "Minerva/Loss_general": 0.17088675040426574, "data_time": 0.0024821228451199, "time": 0.219743722014957, "step": 121}
{"lr": 1.024035333367499e-07, "data_time": 0.003091597557067871, "grad_norm": 1.2221777319908143, "loss": 0.4905056756734848, "loss_cls": 0.2687117192149162, "loss_bbox": 0.22179394394159316, "loss_dir": 1.5285493414063377e-08, "time": 0.3370614385604858, "epoch": 122, "iter": 10819, "memory": 4775, "step": 10819}
