{"lr": 0.001005146091484126, "data_time": 0.16151803579085913, "grad_norm": 13.515914709140093, "loss": 2.6585138119184055, "loss_cls": 0.9417998240544245, "loss_bbox": 1.6915970673927894, "loss_dir": 0.025116903623804834, "time": 0.36492377061110276, "epoch": 1, "iter": 39, "memory": 2439, "step": 39}
