{"lr": 0.0010116811055174008, "data_time": 0.1991876745223999, "grad_norm": 12.227894382476807, "loss": 2.7812298917770386, "loss_cls": 0.9345662081241608, "loss_bbox": 1.8244367265701293, "loss_dir": 0.022226964528672396, "time": 0.5433364200592041, "epoch": 1, "iter": 50, "memory": 4794, "step": 50}
