{"lr": 0.0011937684892050597, "data_time": 0.641356348991394, "grad_norm": 11.924497604370117, "loss": 3.256210207939148, "loss_cls": 1.0812301933765411, "loss_bbox": 2.0679788291454315, "loss_dir": 0.10700126551091671, "time": 1.0208097100257874, "epoch": 1, "iter": 4, "memory": 3922, "step": 4}
{"lr": 0.0020214529598676836, "data_time": 0.32936936616897583, "grad_norm": 9.686074554920197, "loss": 2.955907642841339, "loss_cls": 1.0395496636629105, "loss_bbox": 1.8347799330949783, "loss_dir": 0.08157811732962728, "time": 0.6661392152309418, "epoch": 2, "iter": 8, "memory": 3911, "step": 8}
