{"lr": 0.0010116811055174008, "data_time": 0.24987332820892333, "grad_norm": 15.214065647125244, "loss": 2.91074275970459, "loss_cls": 0.9391861689090729, "loss_bbox": 1.9515318608283996, "loss_dir": 0.020024727932177484, "time": 0.5990421628952026, "epoch": 1, "iter": 50, "memory": 4733, "step": 50}
