{"lr": 7.141144492452661e-06, "data_time": 0.06597559879987668, "grad_norm": 5.686935259745671, "loss": 2.3962477415035934, "loss_cls": 0.8852416062966372, "loss_bbox": 1.4928882611103547, "loss_dir": 0.018117886430655535, "time": 0.40816503916031277, "epoch": 1, "iter": 39, "memory": 4001, "step": 39}
