{"lr": 1.024035333367499e-07, "data_time": 0.18966878890991212, "grad_norm": 1.122313174009323, "loss": 0.472613126039505, "loss_cls": 0.26196241199970244, "loss_bbox": 0.21065070033073424, "loss_dir": 1.8541386841708364e-08, "time": 0.5269074869155884, "epoch": 121, "iter": 10730, "memory": 4793, "step": 10730}
