{"lr": 0.001325413220526355, "data_time": 0.062005849984975964, "grad_norm": 6.296242628342066, "loss": 2.2534702710616283, "loss_cls": 0.9336788776593331, "loss_bbox": 1.2889764446478624, "loss_dir": 0.030814964360056016, "time": 0.4014521806668013, "epoch": 1, "iter": 39, "memory": 4015, "step": 39}
{"lr": 0.0022861413123298965, "data_time": 0.004097261428833008, "grad_norm": 4.775986204147339, "loss": 1.7529206085205078, "loss_cls": 0.8454429399967194, "loss_bbox": 0.9046873342990875, "loss_dir": 0.002790323824156076, "time": 0.3326821660995483, "epoch": 2, "iter": 78, "memory": 4006, "step": 78}
