{"lr": 1.024035333367499e-07, "data_time": 0.16139317989349367, "grad_norm": 1.1740113830566405, "loss": 0.4651093292236328, "loss_cls": 0.25529337525367735, "loss_bbox": 0.20981592506170274, "loss_dir": 2.9322506863993513e-08, "time": 0.5004053688049317, "epoch": 121, "iter": 10730, "memory": 4830, "step": 10730}
{"Minerva/AP40(3d metric)": 0.9749999999999994, "Minerva/AP40 (3d metric)": 0.17640385706182649, "Minerva/Loss_cls": 0.28377480464322224, "Minerva/Loss_bbox": 0.22888544616954667, "Minerva/Loss_dir": 4.000283517134408e-10, "Minerva/Loss_general": 0.5126602512127972, "data_time": 0.0018850366274515788, "time": 0.2169960935910543, "step": 121}
