{"lr": 1.024035333367499e-07, "data_time": 0.14121234893798829, "grad_norm": 1.153951141834259, "loss": 0.4609597951173782, "loss_cls": 0.2623599129915237, "loss_bbox": 0.1985998719930649, "loss_dir": 1.1214565140832411e-08, "time": 0.4871111106872559, "epoch": 121, "iter": 10730, "memory": 4825, "step": 10730}
