{"lr": 0.0010116811055174008, "data_time": 0.21659524917602538, "grad_norm": 10.500638236999512, "loss": 2.8161394596099854, "loss_cls": 0.9706380772590637, "loss_bbox": 1.8231477236747742, "loss_dir": 0.022353646880947053, "time": 0.5578360414505005, "epoch": 1, "iter": 50, "memory": 4736, "step": 50}
{"Minerva/AP40 (3d metric)": 0.0, "Minerva/Loss_cls": 1.0743773000580923, "Minerva/Loss_bbox": 2.2369495017187937, "Minerva/Loss_dir": 0.0034488611800189313, "Minerva/Loss_general": 3.314775662956905, "data_time": 0.0020387513296944754, "time": 0.2246396405356271, "step": 1}
{"lr": 0.0010923733072916945, "data_time": 0.0030510711669921877, "grad_norm": 9.201963710784913, "loss": 2.1648751091957092, "loss_cls": 0.7883365631103516, "loss_bbox": 1.3754213070869445, "loss_dir": 0.0011172369314590468, "time": 0.34136046886444094, "epoch": 2, "iter": 139, "memory": 4777, "step": 139}
{"Minerva/AP40 (3d metric)": 0.0, "Minerva/Loss_cls": 1.0176101326942444, "Minerva/Loss_bbox": 1.2993003981454032, "Minerva/Loss_dir": 0.0008291926413741228, "Minerva/Loss_general": 2.3177397234810218, "data_time": 0.001215537389119466, "time": 0.22448109918170506, "step": 2}
{"lr": 0.0012484812238032095, "data_time": 0.0031906461715698244, "grad_norm": 8.283518385887145, "loss": 2.02589191198349, "loss_cls": 0.7535634243488312, "loss_bbox": 1.2717419266700745, "loss_dir": 0.000586548920837231, "time": 0.3428014326095581, "epoch": 3, "iter": 228, "memory": 4766, "step": 228}
{"Minerva/AP40 (3d metric)": 0.0, "Minerva/Loss_cls": 1.0408731647900173, "Minerva/Loss_bbox": 1.5682845175266267, "Minerva/Loss_dir": 0.0005406047719588968, "Minerva/Loss_general": 2.6096982870886025, "data_time": 0.0010862482918633355, "time": 0.22406229045655993, "step": 3}
{"lr": 0.001477333805319149, "data_time": 0.003090658187866211, "grad_norm": 6.331234235763549, "loss": 1.8637519598007202, "loss_cls": 0.7510880088806152, "loss_bbox": 1.112065863609314, "loss_dir": 0.0005980785141582601, "time": 0.3429382085800171, "epoch": 4, "iter": 317, "memory": 4786, "step": 317}
{"Minerva/AP40 (3d metric)": 0.0, "Minerva/Loss_cls": 18.876837015151978, "Minerva/Loss_bbox": 1.3254337779113226, "Minerva/Loss_dir": 0.00040732037958670324, "Minerva/Loss_general": 20.202678113442886, "data_time": 0.001154111491309272, "time": 0.22708835866716173, "step": 4}
{"lr": 0.0017750153207198548, "data_time": 0.0032464170455932615, "grad_norm": 7.238012962341308, "loss": 1.803383572101593, "loss_cls": 0.7023883831501007, "loss_bbox": 1.1007282602787019, "loss_dir": 0.0002669270258047618, "time": 0.3446121311187744, "epoch": 5, "iter": 406, "memory": 4792, "step": 406}
{"Minerva/AP40 (3d metric)": 0.0, "Minerva/Loss_cls": 1.1560793927737645, "Minerva/Loss_bbox": 1.736607664823532, "Minerva/Loss_dir": 0.00029702568505984216, "Minerva/Loss_general": 2.892984083282356, "data_time": 0.0011805428398980035, "time": 0.22623246245914036, "step": 5}
{"lr": 0.002136432356743897, "data_time": 0.0029480648040771484, "grad_norm": 7.750673966407776, "loss": 1.7813393425941468, "loss_cls": 0.6606989240646363, "loss_bbox": 1.1204796087741853, "loss_dir": 0.00016080654808320105, "time": 0.34532692909240725, "epoch": 6, "iter": 495, "memory": 4764, "step": 495}
