{"lr": 1.024035333367499e-07, "data_time": 0.167640700340271, "grad_norm": 1.1576367557048797, "loss": 0.45738611042499544, "loss_cls": 0.2598828920722008, "loss_bbox": 0.19750320464372634, "loss_dir": 1.3860286063177574e-08, "time": 0.505454363822937, "epoch": 121, "iter": 10730, "memory": 4784, "step": 10730}
