{"lr": 0.001005146091484126, "data_time": 0.15865908524928948, "grad_norm": 13.728962470323612, "loss": 2.628002392940032, "loss_cls": 0.9586663995033655, "loss_bbox": 1.6423114492343023, "loss_dir": 0.02702456906151313, "time": 0.36165449558160245, "epoch": 1, "iter": 39, "memory": 2481, "step": 39}
