{"lr": 1.024035333367499e-07, "data_time": 0.15217114448547364, "grad_norm": 1.1519679427146912, "loss": 0.4699011588096619, "loss_cls": 0.2656967490911484, "loss_bbox": 0.20420439124107362, "loss_dir": 2.3387643536265657e-08, "time": 0.4911389493942261, "epoch": 121, "iter": 10730, "memory": 4821, "step": 10730}
