{"lr": 0.0010116811055174008, "data_time": 0.1749970293045044, "grad_norm": 13.481176042556763, "loss": 2.8125645327568054, "loss_cls": 0.94512464761734, "loss_bbox": 1.8446624350547791, "loss_dir": 0.022777438294142485, "time": 0.5166896677017212, "epoch": 1, "iter": 50, "memory": 4723, "step": 50}
