{"lr": 1.024035333367499e-07, "data_time": 0.15578401565551758, "grad_norm": 1.0902183723449708, "loss": 0.472975537776947, "loss_cls": 0.2667284309864044, "loss_bbox": 0.20624710574746133, "loss_dir": 9.358292629435549e-09, "time": 0.4955680465698242, "epoch": 121, "iter": 10730, "memory": 4840, "step": 10730}
