{"lr": 1.024035333367499e-07, "data_time": 0.23517632484436035, "grad_norm": 1.147689119577408, "loss": 0.47826992988586425, "loss_cls": 0.2680389550328255, "loss_bbox": 0.21023096591234208, "loss_dir": 1.2864369386966779e-08, "time": 0.9035074758529663, "epoch": 121, "iter": 10730, "memory": 4748, "step": 10730}
