{"lr": 0.001325413220526355, "data_time": 0.06943652568719326, "grad_norm": 5.430672150391799, "loss": 2.200716923444699, "loss_cls": 0.9170928138952988, "loss_bbox": 1.249897518219092, "loss_dir": 0.033726566817420416, "time": 0.41312168806027144, "epoch": 1, "iter": 39, "memory": 4039, "step": 39}
{"lr": 0.0022861413123298965, "data_time": 0.0042584228515625, "grad_norm": 4.178233098983765, "loss": 1.832395670413971, "loss_cls": 0.8243735826015473, "loss_bbox": 1.0051922762393952, "loss_dir": 0.0028298148346948436, "time": 0.33888927459716794, "epoch": 2, "iter": 78, "memory": 3949, "step": 78}
{"lr": 0.003736150255629655, "data_time": 0.0051157760620117185, "grad_norm": 4.09222936630249, "loss": 1.817661988735199, "loss_cls": 0.8053736364841462, "loss_bbox": 1.0115519738197327, "loss_dir": 0.0007363684105803259, "time": 0.3420070505142212, "epoch": 3, "iter": 117, "memory": 4028, "step": 117}
