{"lr": 0.001005146091484126, "data_time": 0.17374557103866187, "grad_norm": 15.681409407884647, "loss": 2.6635613319201346, "loss_cls": 0.954778790473938, "loss_bbox": 1.6803829899201026, "loss_dir": 0.028399585626828365, "time": 0.37705198923746747, "epoch": 1, "iter": 39, "memory": 2451, "step": 39}
