{"lr": 0.0012630517066764043, "data_time": 0.34890204668045044, "grad_norm": 10.83290559053421, "loss": 2.8753256797790527, "loss_cls": 1.0618757903575897, "loss_bbox": 1.7325682863593102, "loss_dir": 0.08088160678744316, "time": 0.9638794660568237, "epoch": 1, "iter": 8, "memory": 4006, "step": 8}
{"lr": 0.00216571993590268, "data_time": 0.18010258674621582, "grad_norm": 8.387573450803757, "loss": 2.5913301408290863, "loss_cls": 1.006225597113371, "loss_bbox": 1.5299085713922977, "loss_dir": 0.05519597412785515, "time": 0.769795760512352, "epoch": 2, "iter": 16, "memory": 3919, "step": 16}
