{"lr": 0.0011937684892050597, "data_time": 0.5999236702919006, "grad_norm": 9.805854320526123, "loss": 2.9313910007476807, "loss_cls": 1.1051944196224213, "loss_bbox": 1.7123188078403473, "loss_dir": 0.11387772113084793, "time": 0.957815945148468, "epoch": 1, "iter": 4, "memory": 3831, "step": 4}
{"lr": 0.0020214529598676836, "data_time": 0.3080652058124542, "grad_norm": 9.012702822685242, "loss": 2.7857543230056763, "loss_cls": 1.0537884905934334, "loss_bbox": 1.648136928677559, "loss_dir": 0.08382885484024882, "time": 0.6367458999156952, "epoch": 2, "iter": 8, "memory": 3885, "step": 8}
{"lr": 0.00337871468428301, "data_time": 0.21085071563720703, "grad_norm": 7.6636462807655334, "loss": 2.5980916817982993, "loss_cls": 1.0176545282204945, "loss_bbox": 1.5151615937550862, "loss_dir": 0.06527553203826149, "time": 0.5367709596951803, "epoch": 3, "iter": 12, "memory": 3955, "step": 12}
{"lr": 0.0050589228685169775, "data_time": 0.16208602488040924, "grad_norm": 7.207727029919624, "loss": 2.4415179565548897, "loss_cls": 0.971419420093298, "loss_bbox": 1.419023647904396, "loss_dir": 0.05107487220084295, "time": 0.4783237427473068, "epoch": 4, "iter": 16, "memory": 3910, "step": 16}
{"lr": 0.006806281047645081, "data_time": 0.13296923637390137, "grad_norm": 6.667583250999451, "loss": 2.344434714317322, "loss_cls": 0.9369024604558944, "loss_bbox": 1.366049301624298, "loss_dir": 0.04148294641636312, "time": 0.4435766935348511, "epoch": 5, "iter": 20, "memory": 3885, "step": 20}
{"lr": 0.008354769778736405, "data_time": 0.11354087789853413, "grad_norm": 6.495556245247523, "loss": 2.313869928320249, "loss_cls": 0.9144789104660352, "loss_bbox": 1.3645132780075073, "loss_dir": 0.034877720982573614, "time": 0.4208583136399587, "epoch": 6, "iter": 24, "memory": 3958, "step": 24}
{"lr": 0.009468645689567599, "data_time": 0.09986088105610438, "grad_norm": 6.210092834063938, "loss": 2.2651392774922505, "loss_cls": 0.8995131828955242, "loss_bbox": 1.335495535816465, "loss_dir": 0.030130539438687265, "time": 0.4044130614825657, "epoch": 7, "iter": 28, "memory": 3907, "step": 28}
{"lr": 0.009978331270024886, "data_time": 0.08939320594072342, "grad_norm": 5.924318321049213, "loss": 2.2405290119349957, "loss_cls": 0.8868639729917049, "loss_bbox": 1.3271304480731487, "loss_dir": 0.026534572720265714, "time": 0.3922317326068878, "epoch": 8, "iter": 32, "memory": 3886, "step": 32}
{"lr": 0.009882466812062264, "data_time": 0.08123569356070624, "grad_norm": 5.572155793507894, "loss": 2.1943802999125586, "loss_cls": 0.8774161156680849, "loss_bbox": 1.293144416477945, "loss_dir": 0.0238197542882214, "time": 0.382253024313185, "epoch": 9, "iter": 36, "memory": 3829, "step": 36}
{"lr": 0.00946381745240965, "data_time": 0.07479032874107361, "grad_norm": 5.25364747941494, "loss": 2.167243719100952, "loss_cls": 0.8676271319389344, "loss_bbox": 1.2779376044869424, "loss_dir": 0.021678968329797498, "time": 0.3746351897716522, "epoch": 10, "iter": 40, "memory": 3863, "step": 40}
{"lr": 0.008740231373530553, "data_time": 0.06951449675993486, "grad_norm": 4.955073928291148, "loss": 2.129363777962598, "loss_cls": 0.8600505062124946, "loss_bbox": 1.2493114837191321, "loss_dir": 0.020001771904803303, "time": 0.3685539689931003, "epoch": 11, "iter": 44, "memory": 3880, "step": 44}
{"lr": 0.007761019770918047, "data_time": 0.06516064206759135, "grad_norm": 4.708254272739093, "loss": 2.109111358722051, "loss_cls": 0.8542419920365015, "loss_bbox": 1.2361385722955067, "loss_dir": 0.018730781174478277, "time": 0.36342530449231464, "epoch": 12, "iter": 48, "memory": 3913, "step": 48}
{"lr": 0.006592914297066485, "data_time": 0.01586437225341797, "grad_norm": 4.1628309655189515, "loss": 2.033084547519684, "loss_cls": 0.8371396517753601, "loss_bbox": 1.1827011489868164, "loss_dir": 0.013243743863422424, "time": 0.3068520164489746, "epoch": 13, "iter": 52, "memory": 3886, "step": 52}
{"lr": 0.005315519409633289, "data_time": 0.015836243629455567, "grad_norm": 3.80952335357666, "loss": 1.9573409724235535, "loss_cls": 0.8193191611766815, "loss_bbox": 1.1312183833122254, "loss_dir": 0.006803427112754434, "time": 0.3057167768478394, "epoch": 14, "iter": 56, "memory": 3890, "step": 56}
{"lr": 0.004015887459202164, "data_time": 0.015861148834228515, "grad_norm": 3.4383453345298767, "loss": 1.9234548830986022, "loss_cls": 0.8084411084651947, "loss_bbox": 1.1107487165927887, "loss_dir": 0.004265054806601256, "time": 0.30449849605560303, "epoch": 15, "iter": 60, "memory": 3930, "step": 60}
{"lr": 0.0027825862154516484, "data_time": 0.015986156463623048, "grad_norm": 3.1666169476509096, "loss": 1.9119152855873107, "loss_cls": 0.7989409923553467, "loss_bbox": 1.1098196268081666, "loss_dir": 0.0031546649732626976, "time": 0.3037934684753418, "epoch": 16, "iter": 64, "memory": 3911, "step": 64}
{"lr": 0.0016996631200166654, "data_time": 0.016000990867614747, "grad_norm": 2.8663842058181763, "loss": 1.901947546005249, "loss_cls": 0.798292099237442, "loss_bbox": 1.1005186808109284, "loss_dir": 0.003136761148925871, "time": 0.3039209794998169, "epoch": 17, "iter": 68, "memory": 3874, "step": 68}
{"lr": 0.0008409175922360808, "data_time": 0.016041765213012694, "grad_norm": 2.6915626335144043, "loss": 1.892553379535675, "loss_cls": 0.8000497496128083, "loss_bbox": 1.089329357147217, "loss_dir": 0.0031742726592347025, "time": 0.30403177738189696, "epoch": 18, "iter": 72, "memory": 3921, "step": 72}
{"lr": 0.0002648717206840543, "data_time": 0.016139192581176756, "grad_norm": 2.4170972871780396, "loss": 1.869852488040924, "loss_cls": 0.7977576005458832, "loss_bbox": 1.068761774301529, "loss_dir": 0.003333117349538952, "time": 0.3045832252502441, "epoch": 19, "iter": 76, "memory": 3868, "step": 76}
