{"lr": 1.024035333367499e-07, "data_time": 0.13915846347808838, "grad_norm": 1.137470279932022, "loss": 0.499212372303009, "loss_cls": 0.26821619033813476, "loss_bbox": 0.23099617257714272, "loss_dir": 1.371744998146518e-08, "time": 0.4755421495437622, "epoch": 121, "iter": 10730, "memory": 4831, "step": 10730}
