{"lr": 1.024035333367499e-07, "data_time": 0.18483268737792968, "grad_norm": 1.148052459359169, "loss": 0.5120649564266205, "loss_cls": 0.2795969042181969, "loss_bbox": 0.23246804788708686, "loss_dir": 9.151487752184772e-09, "time": 0.8300371837615966, "epoch": 121, "iter": 10730, "memory": 4788, "step": 10730}
{"Minerva/AP40(3d metric)": 0.18295454545454543, "data_time": 0.003379563490549723, "time": 0.36473196082644993, "step": 121}
{"lr": 1.024035333367499e-07, "data_time": 0.006108174324035645, "grad_norm": 1.2329176199436187, "loss": 0.5228639447689056, "loss_cls": 0.27631688356399536, "loss_bbox": 0.24654704868793487, "loss_dir": 1.5849835570125314e-08, "time": 0.6711867523193359, "epoch": 122, "iter": 10819, "memory": 4807, "step": 10819}
