{"lr": 0.0010116811055174008, "data_time": 0.17690321445465088, "grad_norm": 12.069316177368163, "loss": 2.828783183097839, "loss_cls": 0.9255656147003174, "loss_bbox": 1.8806610083580018, "loss_dir": 0.022556592100299894, "time": 0.5201319599151611, "epoch": 1, "iter": 50, "memory": 4755, "step": 50}
