{"lr": 0.0010116811055174008, "data_time": 0.19527068138122558, "grad_norm": 13.487753076553345, "loss": 2.847362961769104, "loss_cls": 0.8840477526187897, "loss_bbox": 1.9437820029258728, "loss_dir": 0.019533219968434424, "time": 0.5361110496520997, "epoch": 1, "iter": 50, "memory": 4748, "step": 50}
