{"lr": 1.024035333367499e-07, "data_time": 0.22304826259613036, "grad_norm": 1.1974029850959778, "loss": 0.47370725333690644, "loss_cls": 0.26664916902780533, "loss_bbox": 0.20705807998776435, "loss_dir": 9.515399972959138e-09, "time": 0.5626895618438721, "epoch": 121, "iter": 10730, "memory": 4764, "step": 10730}
