{"lr": 0.0010009652670792107, "data_time": 0.056212158203125, "grad_norm": 8.410965871810912, "loss": 2.384285762310028, "loss_cls": 0.894256145954132, "loss_bbox": 1.3537763726711274, "loss_dir": 0.13625325828790666, "time": 0.6404808759689331, "epoch": 1, "iter": 50, "memory": 4015, "step": 50}
{"lr": 0.0010039398334978564, "data_time": 0.0034953975677490235, "grad_norm": 6.891175956726074, "loss": 1.7621106171607972, "loss_cls": 0.6148433554172515, "loss_bbox": 1.01508007645607, "loss_dir": 0.13218718379735947, "time": 0.5920922946929932, "epoch": 1, "iter": 100, "memory": 4036, "step": 100}
{"lr": 0.0010089227725701214, "data_time": 0.003232417106628418, "grad_norm": 7.245002889633179, "loss": 1.5337383008003236, "loss_cls": 0.5121025735139847, "loss_bbox": 0.9022889316082001, "loss_dir": 0.11934679016470909, "time": 0.5928786182403565, "epoch": 1, "iter": 150, "memory": 4042, "step": 150}
{"lr": 0.0010159118584364222, "data_time": 0.0031255245208740234, "grad_norm": 6.757117872238159, "loss": 1.2982748794555663, "loss_cls": 0.45930490374565125, "loss_bbox": 0.7249017941951752, "loss_dir": 0.11406818643212319, "time": 0.5897596597671508, "epoch": 1, "iter": 200, "memory": 4018, "step": 200}
{"lr": 0.001024903969099187, "data_time": 0.0035378026962280275, "grad_norm": 6.851865892410278, "loss": 1.1797612237930297, "loss_cls": 0.40960785567760466, "loss_bbox": 0.6665398824214935, "loss_dir": 0.10361350029706955, "time": 0.5962872314453125, "epoch": 1, "iter": 250, "memory": 4012, "step": 250}
{"lr": 0.0010358950878174358, "data_time": 0.0030642127990722656, "grad_norm": 6.5044889163970945, "loss": 1.1212257766723632, "loss_cls": 0.386672597527504, "loss_bbox": 0.6333940327167511, "loss_dir": 0.10115914762020112, "time": 0.6023102521896362, "epoch": 1, "iter": 300, "memory": 4037, "step": 300}
{"lr": 0.001048880304901011, "data_time": 0.002986292839050293, "grad_norm": 6.18028169631958, "loss": 1.0517665016651154, "loss_cls": 0.35760558426380157, "loss_bbox": 0.5968952560424805, "loss_dir": 0.09726566344499588, "time": 0.6058943796157837, "epoch": 1, "iter": 350, "memory": 3999, "step": 350}
{"lr": 0.0010638538199037838, "data_time": 0.0030223560333251954, "grad_norm": 6.159839253425599, "loss": 0.9950960195064544, "loss_cls": 0.33046962559223175, "loss_bbox": 0.5679551756381989, "loss_dir": 0.0966712225973606, "time": 0.6085811281204223, "epoch": 1, "iter": 400, "memory": 4042, "step": 400}
{"lr": 0.0010808089442146205, "data_time": 0.0030003929138183593, "grad_norm": 5.490516872406006, "loss": 0.9605338895320892, "loss_cls": 0.3186924463510513, "loss_bbox": 0.5488053846359253, "loss_dir": 0.09303605422377587, "time": 0.5916923475265503, "epoch": 1, "iter": 450, "memory": 4012, "step": 450}
{"lr": 0.0010997381040451885, "data_time": 0.003008880615234375, "grad_norm": 6.033668260574341, "loss": 0.9277924716472625, "loss_cls": 0.3074162745475769, "loss_bbox": 0.5288486820459366, "loss_dir": 0.09152750551700592, "time": 0.5885519409179687, "epoch": 1, "iter": 500, "memory": 3985, "step": 500}
{"lr": 0.001120632843813132, "data_time": 0.0031990718841552732, "grad_norm": 5.410996775627137, "loss": 0.8946810150146485, "loss_cls": 0.2843613797426224, "loss_bbox": 0.5213564699888229, "loss_dir": 0.08896316684782506, "time": 0.5872949075698852, "epoch": 1, "iter": 550, "memory": 4042, "step": 550}
{"lr": 0.0011434838299191896, "data_time": 0.0031270790100097656, "grad_norm": 5.587510275840759, "loss": 0.8631889724731445, "loss_cls": 0.27756974309682847, "loss_bbox": 0.4989723867177963, "loss_dir": 0.08664683669805527, "time": 0.584544882774353, "epoch": 1, "iter": 600, "memory": 4023, "step": 600}
{"lr": 0.0011682808549164127, "data_time": 0.0033191633224487305, "grad_norm": 5.557173204421997, "loss": 0.8502610290050506, "loss_cls": 0.2760554140806198, "loss_bbox": 0.4878126507997513, "loss_dir": 0.08639295995235444, "time": 0.5872675704956055, "epoch": 1, "iter": 650, "memory": 4027, "step": 650}
{"lr": 0.001195012842069819, "data_time": 0.0034792232513427735, "grad_norm": 5.7605544424057005, "loss": 0.8592363631725312, "loss_cls": 0.28214615225791934, "loss_bbox": 0.4900058245658874, "loss_dir": 0.08708438172936439, "time": 0.5771215534210206, "epoch": 1, "iter": 700, "memory": 4024, "step": 700}
{"lr": 0.0012236678503043403, "data_time": 0.0033798837661743165, "grad_norm": 5.490748014450073, "loss": 0.7916069984436035, "loss_cls": 0.25828767597675323, "loss_bbox": 0.454205265045166, "loss_dir": 0.07911405570805073, "time": 0.5850727033615112, "epoch": 1, "iter": 750, "memory": 4042, "step": 750}
{"lr": 0.0012542330795388308, "data_time": 0.003249502182006836, "grad_norm": 5.393574137687683, "loss": 0.7739661371707917, "loss_cls": 0.25075014621019365, "loss_bbox": 0.4429981976747513, "loss_dir": 0.08021779462695122, "time": 0.5861340093612671, "epoch": 1, "iter": 800, "memory": 4026, "step": 800}
{"lr": 0.0012866948764038554, "data_time": 0.003392176628112793, "grad_norm": 5.1000861549377445, "loss": 0.7767869830131531, "loss_cls": 0.2599971896409988, "loss_bbox": 0.44165183186531065, "loss_dir": 0.07513796553015709, "time": 0.5839111709594726, "epoch": 1, "iter": 850, "memory": 4007, "step": 850}
{"lr": 0.001321038740340532, "data_time": 0.003638162612915039, "grad_norm": 5.55160500049591, "loss": 0.7447965431213379, "loss_cls": 0.2406912064552307, "loss_bbox": 0.43099389135837557, "loss_dir": 0.07311144903302193, "time": 0.5808998441696167, "epoch": 1, "iter": 900, "memory": 3992, "step": 900}
{"lr": 0.0013791004663349891, "data_time": 0.004927864074707031, "grad_norm": 4.706166663169861, "loss": 0.7412083864212036, "loss_cls": 0.23976668268442153, "loss_bbox": 0.4271755129098892, "loss_dir": 0.0742661925405264, "time": 0.5797355747222901, "epoch": 2, "iter": 979, "memory": 4014, "step": 979}
{"lr": 0.0014182271886407048, "data_time": 0.0034741830825805666, "grad_norm": 5.646403455734253, "loss": 0.7253436744213104, "loss_cls": 0.22962744385004044, "loss_bbox": 0.4234789276123047, "loss_dir": 0.072237304225564, "time": 0.5847689294815064, "epoch": 2, "iter": 1029, "memory": 4022, "step": 1029}
{"lr": 0.0014591772230439053, "data_time": 0.003247823715209961, "grad_norm": 4.527651290893555, "loss": 0.7241946363449097, "loss_cls": 0.23723018288612366, "loss_bbox": 0.41394325852394104, "loss_dir": 0.0730211929231882, "time": 0.5819554138183594, "epoch": 2, "iter": 1079, "memory": 3987, "step": 1079}
{"lr": 0.0015019322773229017, "data_time": 0.0037754249572753908, "grad_norm": 5.269414691925049, "loss": 0.7090125322341919, "loss_cls": 0.22498496651649474, "loss_bbox": 0.4139455109834671, "loss_dir": 0.07008205898106099, "time": 0.5795435619354248, "epoch": 2, "iter": 1129, "memory": 4018, "step": 1129}
{"lr": 0.0015464732529606381, "data_time": 0.003404660224914551, "grad_norm": 4.730933337211609, "loss": 0.7249677658081055, "loss_cls": 0.2323024296760559, "loss_bbox": 0.4229206818342209, "loss_dir": 0.06974465876817704, "time": 0.5767029666900635, "epoch": 2, "iter": 1179, "memory": 3985, "step": 1179}
{"lr": 0.0015927802536758948, "data_time": 0.0036233377456665037, "grad_norm": 5.092864065170288, "loss": 0.7159700429439545, "loss_cls": 0.2294646093249321, "loss_bbox": 0.4171373778581619, "loss_dir": 0.06936805188655853, "time": 0.5754841327667236, "epoch": 2, "iter": 1229, "memory": 3974, "step": 1229}
{"lr": 0.0016408325943108957, "data_time": 0.003385629653930664, "grad_norm": 4.303777151107788, "loss": 0.6622451055049896, "loss_cls": 0.21064190655946732, "loss_bbox": 0.3844057148694992, "loss_dir": 0.06719748437404632, "time": 0.577678017616272, "epoch": 2, "iter": 1279, "memory": 4033, "step": 1279}
{"lr": 0.0016906088100712858, "data_time": 0.0034237098693847656, "grad_norm": 4.949041590690613, "loss": 0.697718073129654, "loss_cls": 0.22324639111757277, "loss_bbox": 0.40488712430000307, "loss_dir": 0.06958456352353096, "time": 0.5822998428344727, "epoch": 2, "iter": 1329, "memory": 4042, "step": 1329}
{"lr": 0.0017420866661143775,