{"lr": 1.024035333367499e-07, "data_time": 0.24150627136230468, "grad_norm": 1.1921000695228576, "loss": 0.49726704239845276, "loss_cls": 0.26977538675069807, "loss_bbox": 0.22749164193868637, "loss_dir": 1.6647220686394347e-08, "time": 0.582147946357727, "epoch": 121, "iter": 10730, "memory": 4824, "step": 10730}
