{"lr": 0.001325413220526355, "data_time": 0.0638283766233004, "grad_norm": 6.189848300738213, "loss": 2.162985765016996, "loss_cls": 0.9210444856912662, "loss_bbox": 1.2120675597435389, "loss_dir": 0.029873711719679143, "time": 0.40373613284184384, "epoch": 1, "iter": 39, "memory": 3961, "step": 39}
{"lr": 0.0022861413123298965, "data_time": 0.004277887344360351, "grad_norm": 4.964781565666199, "loss": 1.6596458077430725, "loss_cls": 0.8056435716152192, "loss_bbox": 0.8515733063220978, "loss_dir": 0.0024289255792973564, "time": 0.3378252410888672, "epoch": 2, "iter": 78, "memory": 3967, "step": 78}
