{"lr": 0.001325413220526355, "data_time": 0.06319854198357998, "grad_norm": 6.052725608532246, "loss": 2.231817037631304, "loss_cls": 0.9179991529538081, "loss_bbox": 1.2859311080895937, "loss_dir": 0.027886773883484494, "time": 0.4029542482816256, "epoch": 1, "iter": 39, "memory": 4011, "step": 39}
{"lr": 0.0022861413123298965, "data_time": 0.004368739128112793, "grad_norm": 4.263297529220581, "loss": 1.8537629103660584, "loss_cls": 0.8198043823242187, "loss_bbox": 1.0316662073135376, "loss_dir": 0.002292326132301241, "time": 0.33779372692108156, "epoch": 2, "iter": 78, "memory": 3998, "step": 78}
