{"lr": 7.141144492452661e-06, "data_time": 0.0630348951388628, "grad_norm": 5.531953515150608, "loss": 2.331700153839894, "loss_cls": 0.894409872018374, "loss_bbox": 1.4180992046991985, "loss_dir": 0.01919107622681902, "time": 0.4036888342637282, "epoch": 1, "iter": 39, "memory": 4020, "step": 39}
