{"lr": 0.001325413220526355, "data_time": 0.06380968216138008, "grad_norm": 6.206862092018127, "loss": 2.2344599626003165, "loss_cls": 0.9386763511559902, "loss_bbox": 1.264891049800775, "loss_dir": 0.030892565094221097, "time": 0.41017521344698393, "epoch": 1, "iter": 39, "memory": 3986, "step": 39}
{"lr": 0.0022861413123298965, "data_time": 0.004428648948669433, "grad_norm": 4.722866785526276, "loss": 1.7908140707015991, "loss_cls": 0.8143414628505706, "loss_bbox": 0.9733012169599533, "loss_dir": 0.003171400307910517, "time": 0.33753645420074463, "epoch": 2, "iter": 78, "memory": 3970, "step": 78}
