{"lr": 0.0011937684892050597, "data_time": 0.6052736639976501, "grad_norm": 11.144948244094849, "loss": 3.012008786201477, "loss_cls": 1.093699336051941, "loss_bbox": 1.802925854921341, "loss_dir": 0.11538359709084034, "time": 0.9697619080543518, "epoch": 1, "iter": 4, "memory": 3820, "step": 4}
{"lr": 0.0020214529598676836, "data_time": 0.31479746103286743, "grad_norm": 8.508524715900421, "loss": 2.6731331944465637, "loss_cls": 1.0514820367097855, "loss_bbox": 1.5325422585010529, "loss_dir": 0.08910888805985451, "time": 0.6583574414253235, "epoch": 2, "iter": 8, "memory": 3884, "step": 8}
