{"lr": 0.0011937684892050597, "data_time": 0.6011301875114441, "grad_norm": 14.11962628364563, "loss": 3.450402081012726, "loss_cls": 1.0574367493391037, "loss_bbox": 2.2863160967826843, "loss_dir": 0.1066493708640337, "time": 0.9639209508895874, "epoch": 1, "iter": 4, "memory": 3875, "step": 4}
{"lr": 0.0020214529598676836, "data_time": 0.30862078070640564, "grad_norm": 10.034599125385284, "loss": 2.9016807675361633, "loss_cls": 1.039099059998989, "loss_bbox": 1.7790644243359566, "loss_dir": 0.08351739309728146, "time": 0.6354222893714905, "epoch": 2, "iter": 8, "memory": 3846, "step": 8}
