{"lr": 7.141144492452661e-06, "data_time": 0.06536919031387721, "grad_norm": 5.7597039601741695, "loss": 2.394238823499435, "loss_cls": 0.8780418191200647, "loss_bbox": 1.4978984991709392, "loss_dir": 0.018298533745110035, "time": 0.4091535164759709, "epoch": 1, "iter": 39, "memory": 4050, "step": 39}
