{"lr": 0.001005146091484126, "data_time": 0.1601708913460756, "grad_norm": 12.85663520372831, "loss": 2.5445783871870775, "loss_cls": 0.9141052319453313, "loss_bbox": 1.601909964512556, "loss_dir": 0.02856318964264714, "time": 0.3636131286621094, "epoch": 1, "iter": 39, "memory": 2438, "step": 39}
