{"lr": 1.024035333367499e-07, "data_time": 0.16161667823791503, "grad_norm": 1.187832498550415, "loss": 0.4882120305299759, "loss_cls": 0.2647332322597504, "loss_bbox": 0.2234787827730179, "loss_dir": 2.188848869932869e-08, "time": 0.5000453948974609, "epoch": 121, "iter": 10730, "memory": 4780, "step": 10730}
