{"lr": 0.001005146091484126, "data_time": 0.1604629602187719, "grad_norm": 14.943517929468399, "loss": 2.7203012062953067, "loss_cls": 0.9565140238175025, "loss_bbox": 1.741116803426009, "loss_dir": 0.02267037458622303, "time": 0.3640586657401843, "epoch": 1, "iter": 39, "memory": 2461, "step": 39}
