{"lr": 0.001325413220526355, "data_time": 0.0633386648618258, "grad_norm": 7.125202564092783, "loss": 2.3206692872903285, "loss_cls": 0.9118675635411189, "loss_bbox": 1.382580810632461, "loss_dir": 0.02622092849551103, "time": 0.40490253766377765, "epoch": 1, "iter": 39, "memory": 4048, "step": 39}
{"lr": 0.0022861413123298965, "data_time": 0.0040995550155639646, "grad_norm": 4.989293828010559, "loss": 1.8169112133979797, "loss_cls": 0.818214305639267, "loss_bbox": 0.9965118718147278, "loss_dir": 0.0021850421314593403, "time": 0.3373272705078125, "epoch": 2, "iter": 78, "memory": 3993, "step": 78}
