{"lr": 7.141144492452661e-06, "data_time": 0.0637517464466584, "grad_norm": 6.816949199407529, "loss": 2.4918816762092786, "loss_cls": 0.8894840005116585, "loss_bbox": 1.5853758255640666, "loss_dir": 0.01702184261431774, "time": 0.4035315819275685, "epoch": 1, "iter": 39, "memory": 3987, "step": 39}
