{"lr": 1.024035333367499e-07, "data_time": 0.15381841182708741, "grad_norm": 1.2251674878597258, "loss": 0.4873402392864227, "loss_cls": 0.2646888113021851, "loss_bbox": 0.22265141651034356, "loss_dir": 1.5963898893495143e-08, "time": 0.4918892621994019, "epoch": 121, "iter": 10730, "memory": 4789, "step": 10730}
{"Minerva/AP40(3d metric)": 0.9749999999999994, "Minerva/AP40 (3d metric)": 0.18154761904761904, "Minerva/Loss_cls": 0.28377480464322224, "Minerva/Loss_bbox": 0.22888544616954667, "Minerva/Loss_dir": 4.000283517134408e-10, "Minerva/Loss_general": 0.17088675040426574, "data_time": 0.002091421021355523, "time": 0.21790505780114067, "step": 121}
{"lr": 1.024035333367499e-07, "data_time": 0.003018350601196289, "grad_norm": 1.1866069149971008, "loss": 0.47064135789871214, "loss_cls": 0.2589128118753433, "loss_bbox": 0.21172853410243989, "loss_dir": 1.7449844123273993e-08, "time": 0.33774232387542724, "epoch": 122, "iter": 10819, "memory": 4793, "step": 10819}
{"Minerva/AP40(3d metric)": 0.9749999999999994, "Minerva/AP40 (3d metric)": 0.17616279069767446, "Minerva/Loss_cls": 0.28377480464322224, "Minerva/Loss_bbox": 0.22888544616954667, "Minerva/Loss_dir": 4.000283517134408e-10, "Minerva/Loss_general": 0.17088675040426574, "data_time": 0.0012150737974378797, "time": 0.22154672940572104, "step": 122}
{"lr": 1.024035333367499e-07, "data_time": 0.003061370849609375, "grad_norm": 1.1735255587100983, "loss": 0.4813600879907608, "loss_cls": 0.268951852619648, "loss_bbox": 0.21240822046995164, "loss_dir": 1.711715045968343e-08, "time": 0.3384412288665771, "epoch": 123, "iter": 10908, "memory": 4781, "step": 10908}
{"Minerva/AP40(3d metric)": 0.9749999999999994, "Minerva/AP40 (3d metric)": 0.17230769230769233, "Minerva/Loss_cls": 0.28377480464322224, "Minerva/Loss_bbox": 0.22888544616954667, "Minerva/Loss_dir": 4.000283517134408e-10, "Minerva/Loss_general": 0.17088675040426574, "data_time": 0.0011382500330607097, "time": 0.22142292393578422, "step": 123}
