{"lr": 0.001325413220526355, "data_time": 0.06438691799457257, "grad_norm": 6.444089253743489, "loss": 2.2242613419508324, "loss_cls": 0.921071008229867, "loss_bbox": 1.2729120636597657, "loss_dir": 0.030278275350634105, "time": 0.4096201505416479, "epoch": 1, "iter": 39, "memory": 4005, "step": 39}
{"lr": 0.0022861413123298965, "data_time": 0.004208049774169922, "grad_norm": 4.844814968109131, "loss": 1.7091852521896362, "loss_cls": 0.8259393692016601, "loss_bbox": 0.8801253712177277, "loss_dir": 0.0031205203977879136, "time": 0.33954974174499514, "epoch": 2, "iter": 78, "memory": 4025, "step": 78}
