{"lr": 1.024035333367499e-07, "data_time": 0.1569148063659668, "grad_norm": 1.2234824466705323, "loss": 0.5037317562103272, "loss_cls": 0.26778827905654906, "loss_bbox": 0.23184244319796563, "loss_dir": 0.004101034003826772, "time": 0.4949023675918579, "epoch": 121, "iter": 10730, "memory": 4785, "step": 10730}
