{"lr": 1.024035333367499e-07, "data_time": 0.1517221975326538, "grad_norm": 1.1923915672302245, "loss": 0.48033839046955107, "loss_cls": 0.26426053762435914, "loss_bbox": 0.21607785120606424, "loss_dir": 8.134870675691187e-09, "time": 0.49003517150878906, "epoch": 121, "iter": 10730, "memory": 4825, "step": 10730}
