{"lr": 1.024035333367499e-07, "data_time": 0.14022960662841796, "grad_norm": 1.1399648463726044, "loss": 0.47211401760578153, "loss_cls": 0.26123120278120043, "loss_bbox": 0.21088280647993088, "loss_dir": 1.4925915507446596e-08, "time": 0.47875375270843507, "epoch": 121, "iter": 10730, "memory": 4768, "step": 10730}
