{"lr": 0.0010116811055174008, "data_time": 0.19013890743255615, "grad_norm": 12.433265962600707, "loss": 2.8807070207595826, "loss_cls": 0.9355807292461396, "loss_bbox": 1.9259246563911439, "loss_dir": 0.019201667059678584, "time": 0.530326418876648, "epoch": 1, "iter": 50, "memory": 4719, "step": 50}
