{"lr": 1.024035333367499e-07, "data_time": 0.27492515087127684, "grad_norm": 1.1673898255825044, "loss": 0.47218656063079834, "loss_cls": 0.2653258487582207, "loss_bbox": 0.206860698312521, "loss_dir": 1.4176864591153305e-08, "time": 0.9272853612899781, "epoch": 121, "iter": 10730, "memory": 4791, "step": 10730}
