{"lr": 0.0010116811055174008, "data_time": 0.1899929141998291, "grad_norm": 12.357347574234009, "loss": 2.816370167732239, "loss_cls": 0.9612531697750092, "loss_bbox": 1.8329831862449646, "loss_dir": 0.022133823223412036, "time": 0.5325826168060303, "epoch": 1, "iter": 50, "memory": 4753, "step": 50}
