{"lr": 0.001325413220526355, "data_time": 0.0689234183384822, "grad_norm": 6.728250625805977, "loss": 2.1659851379883595, "loss_cls": 0.9178434426967914, "loss_bbox": 1.2173847754796345, "loss_dir": 0.030756920558185533, "time": 0.4138291065509503, "epoch": 1, "iter": 39, "memory": 4004, "step": 39}
{"lr": 0.0022861413123298965, "data_time": 0.004209661483764648, "grad_norm": 4.869152874946594, "loss": 1.814240777492523, "loss_cls": 0.8213154482841492, "loss_bbox": 0.9906532645225525, "loss_dir": 0.0022720547931385227, "time": 0.33684624671936036, "epoch": 2, "iter": 78, "memory": 4043, "step": 78}
