{"lr": 0.001325413220526355, "data_time": 0.07230228032821263, "grad_norm": 5.61348652228331, "loss": 2.242699506955269, "loss_cls": 0.9250530493565094, "loss_bbox": 1.2851168696696942, "loss_dir": 0.03252959303342952, "time": 0.6914102114163913, "epoch": 1, "iter": 39, "memory": 4033, "step": 39}
{"lr": 0.0022861413123298965, "data_time": 0.004327530860900879, "grad_norm": 4.801325011253357, "loss": 1.8999462366104125, "loss_cls": 0.8204974091053009, "loss_bbox": 1.0769244265556335, "loss_dir": 0.0025243958394275978, "time": 0.6189574098587036, "epoch": 2, "iter": 78, "memory": 4021, "step": 78}
