{"lr": 0.0011937684892050597, "data_time": 0.6550701260566711, "grad_norm": 8.764684557914734, "loss": 2.962832808494568, "loss_cls": 1.1088161170482635, "loss_bbox": 1.7366581857204437, "loss_dir": 0.11735846102237701, "time": 1.0342772006988525, "epoch": 1, "iter": 4, "memory": 3890, "step": 4}
{"lr": 0.0020214529598676836, "data_time": 0.3367152512073517, "grad_norm": 7.281812906265259, "loss": 2.720767378807068, "loss_cls": 1.0681249499320984, "loss_bbox": 1.561989665031433, "loss_dir": 0.09065271588042378, "time": 0.672014057636261, "epoch": 2, "iter": 8, "memory": 3889, "step": 8}
