{"lr": 0.0010821022811957556, "data_time": 0.06471579502790402, "grad_norm": 6.594561692995903, "loss": 2.210265563084529, "loss_cls": 0.9155795130974207, "loss_bbox": 1.2632661293714473, "loss_dir": 0.03141991457997415, "time": 0.40650016833574343, "epoch": 1, "iter": 39, "memory": 3963, "step": 39}
{"lr": 0.0013339248629846128, "data_time": 0.004299087524414063, "grad_norm": 5.061582188606263, "loss": 1.8227555394172668, "loss_cls": 0.8194027256965637, "loss_bbox": 1.000700181722641, "loss_dir": 0.0026526350853964685, "time": 0.3352367401123047, "epoch": 2, "iter": 78, "memory": 3960, "step": 78}
{"lr": 0.0017458473759271124, "data_time": 0.004446735382080078, "grad_norm": 6.586433596611023, "loss": 1.6950708627700806, "loss_cls": 0.8014001786708832, "loss_bbox": 0.8927039277553558, "loss_dir": 0.0009667291329242289, "time": 0.3403482723236084, "epoch": 3, "iter": 117, "memory": 4006, "step": 117}
{"lr": 0.002302039868859692, "data_time": 0.004688200950622559, "grad_norm": 4.876944828033447, "loss": 1.5826147389411926, "loss_cls": 0.7817036819458008, "loss_bbox": 0.8002749645709991, "loss_dir": 0.0006360948766814545, "time": 0.3439704608917236, "epoch": 4, "iter": 156, "memory": 3969, "step": 156}
{"lr": 0.002981128176195288, "data_time": 0.004832830429077149, "grad_norm": 4.62454384803772, "loss": 1.562593650817871, "loss_cls": 0.7789306962490081, "loss_bbox": 0.7830455875396729, "loss_dir": 0.0006173740274971351, "time": 0.34102794647216794, "epoch": 5, "iter": 195, "memory": 3975, "step": 195}
{"lr": 0.003757015315120108, "data_time": 0.004402813911437989, "grad_norm": 4.2994607639312745, "loss": 1.6166777181625367, "loss_cls": 0.7984967648983001, "loss_bbox": 0.8173578006029129, "loss_dir": 0.000823148864437826, "time": 0.33888554096221923, "epoch": 6, "iter": 234, "memory": 3958, "step": 234}
{"lr": 0.004599884378007787, "data_time": 0.004977998733520508, "grad_norm": 3.82157089471817, "loss": 1.589592890739441, "loss_cls": 0.7872900450229645, "loss_bbox": 0.8015053534507751, "loss_dir": 0.0007974825357086957, "time": 0.3447094774246216, "epoch": 7, "iter": 273, "memory": 4000, "step": 273}
{"lr": 0.005477344379457973, "data_time": 0.0056956100463867185, "grad_norm": 2.994058630466461, "loss": 1.5473177075386046, "loss_cls": 0.7724711048603058, "loss_bbox": 0.7740894365310669, "loss_dir": 0.000757159759523347, "time": 0.3480547046661377, "epoch": 8, "iter": 312, "memory": 3983, "step": 312}
{"lr": 0.0063556750237001676, "data_time": 0.005695343017578125, "grad_norm": 2.6136888813972474, "loss": 1.5176321697235107, "loss_cls": 0.7706031012535095, "loss_bbox": 0.7463779747486115, "loss_dir": 0.0006511001591570676, "time": 0.34675612926483157, "epoch": 9, "iter": 351, "memory": 3997, "step": 351}
{"lr": 0.007201122556649653, "data_time": 0.005674786567687988, "grad_norm": 2.879077260494232, "loss": 1.4307135891914369, "loss_cls": 0.7780682253837585, "loss_bbox": 0.6519882768392563, "loss_dir": 0.0006570792070124299, "time": 0.3478765106201172, "epoch": 10, "iter": 390, "memory": 3975, "step": 390}
{"lr": 0.007981196903747606, "data_time": 0.004824485778808594, "grad_norm": 2.0855542993545533, "loss": 1.501036057472229, "loss_cls": 0.7821792888641358, "loss_bbox": 0.7183284085988998, "loss_dir": 0.0005283557830261998, "time": 0.3470213508605957, "epoch": 11, "iter": 429, "memory": 4024, "step": 429}
{"lr": 0.008665920245305797, "data_time": 0.004715147018432617, "grad_norm": 1.6924203658103942, "loss": 1.4760816955566407, "loss_cls": 0.7756493008136749, "loss_bbox": 0.6996941620111465, "loss_dir": 0.0007382320007309317, "time": 0.34695024967193605, "epoch": 12, "iter": 468, "memory": 4032, "step": 468}
{"lr": 0.009228979047305411, "data_time": 0.004952287673950196, "grad_norm": 1.4620200622081756, "loss": 1.4697092366218567, "loss_cls": 0.7729615759849549, "loss_bbox": 0.6960657769441605, "loss_dir": 0.0006818885516258888, "time": 0.34746877670288084, "epoch": 13, "iter": 507, "memory": 4010, "step": 507}
{"lr": 0.00964873527575262, "data_time": 0.004713506698608399, "grad_norm": 1.4333630442619323, "loss": 1.4761796855926514, "loss_cls": 0.7860875964164734, "loss_bbox": 0.6893516558408738, "loss_dir": 0.0007404445036081598, "time": 0.34534597873687745, "epoch": 14, "iter": 546, "memory": 4023, "step": 546}
{"lr": 0.009909057934190205, "data_time": 0.004720149040222168, "grad_norm": 1.273559454679489, "loss": 1.4558652663230895, "loss_cls": 0.779774216413498, "loss_bbox": 0.6757107454538346, "loss_dir": 0.00038030279378290286, "time": 0.3477185821533203, "epoch": 15, "iter": 585, "memory": 4036, "step": 585}
{"lr": 0.009999942968845033, "data_time": 0.005023155212402344, "grad_norm": 1.306165475845337, "loss": 1.6044232153892517, "loss_cls": 0.7928649628162384, "loss_bbox": 0.8112425881624222, "loss_dir": 0.0003156558260525344, "time": 0.34724735260009765, "epoch": 16, "iter": 624, "memory": 3960, "step": 624}
{"lr": 0.009959330478859928, "data_time": 0.00448674201965332, "grad_norm": 1.2586083567142488, "loss": 1.4053338599205016, "loss_cls": 0.7610566306114197, "loss_bbox": 0.6440782827138901, "loss_dir": 0.00019894583769200836, "time": 0.34611632347106935, "epoch": 17, "iter": 663, "memory": 4028, "step": 663}
{"lr": 0.009833891000123888, "data_time": 0.005081243515014648, "grad_norm": 1.2106054055690765, "loss": 1.40574835896492, "loss_cls": 0.7637454330921173, "loss_bbox": 0.6417945963144303, "loss_dir": 0.0002083251756266691, "time": 0.34807166576385495, "epoch": 18, "iter": 702, "memory": 4015, "step": 702}
{"lr": 0.009625742673772373, "data_time": 0.005088262557983399, "grad_norm": 1.0964220029115677, "loss": 1.3371118557453157, "loss_cls": 0.7463647866249085, "loss_bbox": 0.5906275582313537, "loss_dir": 0.0001195057187214843, "time": 0.34716780185699464, "epoch": 19, "iter": 741, "memory": 3975, "step": 741}
{"lr": 0.009338446975378877, "data_time": 0.004825053215026856, "grad_norm": 1.2165964865684509, "loss": 1.3089283466339112, "loss_cls": 0.7483344304561615, "loss_bbox": 0.5604584735631942, "loss_dir": 0.00013543483535613632, "time": 0.346476674079895, "epoch": 20, "iter": 780, "memory": 4026, "step": 780}
{"lr": 0.00897691961399633, "data_time": 0.004933929443359375, "grad_norm": 1.1237278282642365, "loss": 1.2453739178180694, "loss_cls": 0.7284779596328735, "loss_bbox": 0.5167746165394783, "loss_dir": 0.00012133822467149003, "time": 0.34805519104003907, "epoch": 21, "iter": 819, "memory": 4018, "step": 819}
{"lr": 0.008547346423012307, "data_time": 0.004686846733093262, "grad_norm": 1.0570558834075927, "loss": 1.2407381117343903, "loss_cls": 0.7364797389507294, "loss_bbox": 0.5041440945863723, "loss_dir": 0.00011426851579017238, "time": 0.34521472454071045, "epoch": 22, "iter": 858, "memory": 3969, "step": 858}
{"lr": 0.008057077518824729, "data_time": 0.004480891227722168, "grad_norm": 1.1868218672275543, "loss": 1.2257892107963562, "loss_cls": 0.7434709274768829, "loss_bbox": 0.48224507689476015, "loss_dir": 7.321848484934889e-05, "time": 0.3423957920074463, "epoch": 23, "iter": 897, "memory": 4023, "step": 897}
{"lr": 0.007514501538312472, "data_time": 0.004383740425109864, "grad_norm": 1.1850769114494324, "loss": 1.2829093503952027, "loss_cls": 0.747599949836731, "loss_bbox": 0.5352424812316895, "loss_dir": 6.693662140605739e-05, "time": 0.3410992431640625, "epoch": 24, "iter": 936, "memory": 4015, "step": 936}
{"lr": 0.006928902106932585, "data_time": 0.004436030387878418, "grad_norm": 1.0341516989469528, "loss": 1.220826463699341, "loss_cls": 0.7455820965766907, "loss_bbox": 0.4751696947216988, "loss_dir": 7.467962212103884e-05, "time": 0.33959240913391114, "epoch": 25, "iter": 975, "memory": 4007, "step": 975}
{"lr": 0.006310298993314809, "data_time": 0.004551963806152344, "grad_norm": 1.173519662618637, "loss": 1.1972174048423767, "loss_cls": 0.7370374274253845, "loss_bbox": 0.46012163877487183, "loss_dir": 5.83413948334055e-05, "time": 0.3385910940170288, "epoch": 26, "iter": 1014, "memory": 3985,