{"lr": 1.024035333367499e-07, "data_time": 0.1580995512008667, "grad_norm": 1.083798587322235, "loss": 0.49194267809391024, "loss_cls": 0.26984485387802126, "loss_bbox": 0.22209781318902969, "loss_dir": 1.572794335366612e-08, "time": 0.4943750476837158, "epoch": 121, "iter": 10730, "memory": 4788, "step": 10730}
