{"lr": 0.0010116811055174008, "data_time": 0.20766162872314453, "grad_norm": 14.207141666412353, "loss": 2.9819481658935545, "loss_cls": 0.974158090353012, "loss_bbox": 1.9901753926277161, "loss_dir": 0.017614671550691127, "time": 0.5588482332229614, "epoch": 1, "iter": 50, "memory": 4752, "step": 50}
