{"lr": 1.024035333367499e-07, "data_time": 0.15153311729431151, "grad_norm": 1.165284345149994, "loss": 0.4858318942785263, "loss_cls": 0.2682868847250938, "loss_bbox": 0.21754499807953834, "loss_dir": 1.4415755690833088e-08, "time": 0.48985392570495606, "epoch": 121, "iter": 10730, "memory": 4748, "step": 10730}
