{"lr": 0.001005146091484126, "data_time": 0.159836335059924, "grad_norm": 15.41941458139664, "loss": 2.7121784197978482, "loss_cls": 1.0082914126225007, "loss_bbox": 1.6754135993810801, "loss_dir": 0.028473429656468142, "time": 0.36200674986227965, "epoch": 1, "iter": 39, "memory": 2418, "step": 39}
