{"lr": 0.0010015049579648657, "data_time": 0.059815988540649415, "grad_norm": 5.946846776008606, "loss": 2.443593270778656, "loss_cls": 0.844409487247467, "loss_bbox": 1.462505977153778, "loss_dir": 0.13667782068252562, "time": 0.4984327793121338, "epoch": 1, "iter": 50, "memory": 5020, "step": 50}
