{"lr": 0.001005146091484126, "data_time": 0.1645963008587177, "grad_norm": 17.724172812241775, "loss": 2.7248638654366517, "loss_cls": 0.9446183412502973, "loss_bbox": 1.7519032863470225, "loss_dir": 0.028342243594427902, "time": 0.3686640690534543, "epoch": 1, "iter": 39, "memory": 2504, "step": 39}
