{"lr": 1.024035333367499e-07, "data_time": 0.14616124153137208, "grad_norm": 1.1329088580608369, "loss": 0.46870185792446134, "loss_cls": 0.26335294276475907, "loss_bbox": 0.2053489027917385, "loss_dir": 1.6465746859317676e-08, "time": 0.48494849681854246, "epoch": 121, "iter": 10730, "memory": 4752, "step": 10730}
